-13,14,4
-13,15,4
-13,16,4
-13,17,4
-13,18,4
-13,19,4
-13,20,4
-13,21,4
-13,-22,1
-13,-23,1
-13,-24,1
-13,-25,1
-13,-26,1
-13,-27,1
-13,-28,1
-13,-29,1
-13,-30,1
-13,-31,1
-13,-32,1
-13,-33,1
-13,-34,1
-13,-35,1
-13,-36,1
-13,-37,1
-13,-38,1
-13,-39,1
-13,-40,0
-13,-41,0
-13,-42,0
-13,-43,0
-13,-44,0
-13,-45,0
-13,-46,0
-13,-47,0
-13,-48,0
-13,-49,0
-13,-50,0
-13,-51,0
-13,-52,0
-13,-53,0
-13,-54,0
-13,-55,0
-13,-56,0
-13,-57,0
-13,-58,0
-13,-59,0
-13,-60,0
-13,-61,0
-13,-62,0
-13,-63,0
-13,-64,0
-13,-65,0
-13,-66,0
-13,-67,0
-13,-68,0
-13,-69,0
-13,-70,0
-13,-71,0
-13,-72,0
-13,-73,0
-13,-74,0
-13,-75,0
-13,-76,0
-13,-77,0
-13,-78,0
-13,-79,0
-13,-80,0
-13,-81,0
-13,-82,0
-13,-83,0
-13,-84,0
-13,-85,0
-13,-86,0
-13,-87,0
-13,-88,0
-13,-89,0
-13,-90,0
-13,-91,0
-13,-92,0
-13,-93,0
-16,13,4
-16,14,4
-16,15,4
-16,17,4
-16,18,4
-16,19,4
-16,20,4
-16,21,4
-16,-22,1
-16,-23,1
-16,-24,1
-16,-25,1
-16,-26,1
-16,-27,1
-16,-28,1
-16,-29,1
-16,-30,1
-16,-31,1
-16,-32,1
-16,-33,1
-16,-34,1
-16,-35,1
-16,-36,1
-16,-37,1
-16,-38,1
-16,-39,1
-16,-40,0
-16,-41,0
-16,-42,0
-16,-43,0
-16,-44,0
-16,-45,0
-16,-46,0
-16,-47,0
-16,-48,0
-16,-49,0
-16,-50,0
-16,-51,0
-16,-52,0
-16,-53,0
-16,-54,0
-16,-55,0
-16,-56,0
-16,-57,0
-16,-58,0
-16,-59,0
-16,-60,0
-16,-61,0
-16,-62,0
-16,-63,0
-16,-64,0
-16,-65,0
-16,-66,0
-16,-67,0
-16,-68,0
-16,-69,0
-16,-70,0
-16,-71,0
-16,-72,0
-16,-73,0
-16,-74,0
-16,-75,0
-16,-76,0
-16,-77,0
-16,-78,0
-16,-79,0
-16,-80,0
-16,-81,0
-16,-82,0
-16,-83,0
-16,-84,0
-16,-85,0
-16,-86,0
-16,-87,0
-16,-88,0
-16,-89,0
-16,-90,0
-16,-91,0
-16,-92,0
-16,-93,0
-19,13,4
-19,14,4
-19,15,4
-19,16,4
-19,17,4
-19,18,4
-19,20,4
-19,21,4
-19,-22,1
-19,-23,1
-19,-24,1
-19,-25,1
-19,-26,1
-19,-27,1
-19,-28,1
-19,-29,1
-19,-30,1
-19,-31,1
-19,-32,1
-19,-33,1
-19,-34,1
-19,-35,1
-19,-36,1
-19,-37,1
-19,-38,1
-19,-39,1
-19,-40,0
-19,-41,0
-19,-42,0
-19,-43,0
-19,-44,0
-19,-45,0
-19,-46,0
-19,-47,0
-19,-48,0
-19,-49,0
-19,-50,0
-19,-51,0
-19,-52,0
-19,-53,0
-19,-54,0
-19,-55,0
-19,-56,0
-19,-57,0
-19,-58,0
-19,-59,0
-19,-60,0
-19,-61,0
-19,-62,0
-19,-63,0
-19,-64,0
-19,-65,0
-19,-66,0
-19,-67,0
-19,-68,0
-19,-69,0
-19,-70,0
-19,-71,0
-19,-72,0
-19,-73,0
-19,-74,0
-19,-75,0
-19,-76,0
-19,-77,0
-19,-78,0
-19,-79,0
-19,-80,0
-19,-81,0
-19,-82,0
-19,-83,0
-19,-84,0
-19,-85,0
-19,-86,0
-19,-87,0
-19,-88,0
-19,-89,0
-19,-90,0
-19,-91,0
-19,-92,0
-19,-93,0
-14,13,4
-14,15,4
-14,16,4
-14,17,4
-14,18,4
-14,19,4
-14,20,4
-14,21,4
-14,-22,1
-14,-23,1
-14,-24,1
-14,-25,1
-14,-26,1
-14,-27,1
-14,-28,1
-14,-29,1
-14,-30,1
-14,-31,1
-14,-32,1
-14,-33,1
-14,-34,1
-14,-35,1
-14,-36,1
-14,-37,1
-14,-38,1
-14,-39,1
-14,-40,0
-14,-41,0
-14,-42,0
-14,-43,0
-14,-44,0
-14,-45,0
-14,-46,0
-14,-47,0
-14,-48,0
-14,-49,0
-14,-50,0
-14,-51,0
-14,-52,0
-14,-53,0
-14,-54,0
-14,-55,0
-14,-56,0
-14,-57,0
-14,-58,0
-14,-59,0
-14,-60,0
-14,-61,0
-14,-62,0
-14,-63,0
-14,-64,0
-14,-65,0
-14,-66,0
-14,-67,0
-14,-68,0
-14,-69,0
-14,-70,0
-14,-71,0
-14,-72,0
-14,-73,0
-14,-74,0
-14,-75,0
-14,-76,0
-14,-77,0
-14,-78,0
-14,-79,0
-14,-80,0
-14,-81,0
-14,-82,0
-14,-83,0
-14,-84,0
-14,-85,0
-14,-86,0
-14,-87,0
-14,-88,0
-14,-89,0
-14,-90,0
-14,-91,0
-14,-92,0
-14,-93,0
-17,13,4
-17,14,4
-17,15,4
-17,16,4
-17,18,4
-17,19,4
-17,20,4
-17,21,4
-17,-22,1
-17,-23,1
-17,-24,1
-17,-25,1
-17,-26,1
-17,-27,1
-17,-28,1
-17,-29,1
-17,-30,1
-17,-31,1
-17,-32,1
-17,-33,1
-17,-34,1
-17,-35,1
-17,-36,1
-17,-37,1
-17,-38,1
-17,-39,1
-17,-40,0
-17,-41,0
-17,-42,0
-17,-43,0
-17,-44,0
-17,-45,0
-17,-46,0
-17,-47,0
-17,-48,0
-17,-49,0
-17,-50,0
-17,-51,0
-17,-52,0
-17,-53,0
-17,-54,0
-17,-55,0
-17,-56,0
-17,-57,0
-17,-58,0
-17,-59,0
-17,-60,0
-17,-61,0
-17,-62,0
-17,-63,0
-17,-64,0
-17,-65,0
-17,-66,0
-17,-67,0
-17,-68,0
-17,-69,0
-17,-70,0
-17,-71,0
-17,-72,0
-17,-73,0
-17,-74,0
-17,-75,0
-17,-76,0
-17,-77,0
-17,-78,0
-17,-79,0
-17,-80,0
-17,-81,0
-17,-82,0
-17,-83,0
-17,-84,0
-17,-85,0
-17,-86,0
-17,-87,0
-17,-88,0
-17,-89,0
-17,-90,0
-17,-91,0
-17,-92,0
-17,-93,0
-20,13,4
-20,14,4
-20,15,4
-20,16,4
-20,17,4
-20,18,4
-20,19,4
-20,21,4
-20,-22,1
-20,-23,1
-20,-24,1
-20,-25,1
-20,-26,1
-20,-27,1
-20,-28,1
-20,-29,1
-20,-30,1
-20,-31,1
-20,-32,1
-20,-33,1
-20,-34,1
-20,-35,1
-20,-36,1
-20,-37,1
-20,-38,1
-20,-39,1
-20,-40,0
-20,-41,0
-20,-42,0
-20,-43,0
-20,-44,0
-20,-45,0
-20,-46,0
-20,-47,0
-20,-48,0
-20,-49,0
-20,-50,0
-20,-51,0
-20,-52,0
-20,-53,0
-20,-54,0
-20,-55,0
-20,-56,0
-20,-57,0
-20,-58,0
-20,-59,0
-20,-60,0
-20,-61,0
-20,-62,0
-20,-63,0
-20,-64,0
-20,-65,0
-20,-66,0
-20,-67,0
-20,-68,0
-20,-69,0
-20,-70,0
-20,-71,0
-20,-72,0
-20,-73,0
-20,-74,0
-20,-75,0
-20,-76,0
-20,-77,0
-20,-78,0
-20,-79,0
-20,-80,0
-20,-81,0
-20,-82,0
-20,-83,0
-20,-84,0
-20,-85,0
-20,-86,0
-20,-87,0
-20,-88,0
-20,-89,0
-20,-90,0
-20,-91,0
-20,-92,0
-20,-93,0
-15,13,4
-15,14,4
-15,16,4
-15,17,4
-15,18,4
-15,19,4
-15,20,4
-15,21,4
-15,-22,1
-15,-23,1
-15,-24,1
-15,-25,1
-15,-26,1
-15,-27,1
-15,-28,1
-15,-29,1
-15,-30,1
-15,-31,1
-15,-32,1
-15,-33,1
-15,-34,1
-15,-35,1
-15,-36,1
-15,-37,1
-15,-38,1
-15,-39,1
-15,-40,0
-15,-41,0
-15,-42,0
-15,-43,0
-15,-44,0
-15,-45,0
-15,-46,0
-15,-47,0
-15,-48,0
-15,-49,0
-15,-50,0
-15,-51,0
-15,-52,0
-15,-53,0
-15,-54,0
-15,-55,0
-15,-56,0
-15,-57,0
-15,-58,0
-15,-59,0
-15,-60,0
-15,-61,0
-15,-62,0
-15,-63,0
-15,-64,0
-15,-65,0
-15,-66,0
-15,-67,0
-15,-68,0
-15,-69,0
-15,-70,0
-15,-71,0
-15,-72,0
-15,-73,0
-15,-74,0
-15,-75,0
-15,-76,0
-15,-77,0
-15,-78,0
-15,-79,0
-15,-80,0
-15,-81,0
-15,-82,0
-15,-83,0
-15,-84,0
-15,-85,0
-15,-86,0
-15,-87,0
-15,-88,0
-15,-89,0
-15,-90,0
-15,-91,0
-15,-92,0
-15,-93,0
-18,13,4
-18,14,4
-18,15,4
-18,16,4
-18,17,4
-18,19,4
-18,20,4
-18,21,4
-18,-22,1
-18,-23,1
-18,-24,1
-18,-25,1
-18,-26,1
-18,-27,1
-18,-28,1
-18,-29,1
-18,-30,1
-18,-31,1
-18,-32,1
-18,-33,1
-18,-34,1
-18,-35,1
-18,-36,1
-18,-37,1
-18,-38,1
-18,-39,1
-18,-40,0
-18,-41,0
-18,-42,0
-18,-43,0
-18,-44,0
-18,-45,0
-18,-46,0
-18,-47,0
-18,-48,0
-18,-49,0
-18,-50,0
-18,-51,0
-18,-52,0
-18,-53,0
-18,-54,0
-18,-55,0
-18,-56,0
-18,-57,0
-18,-58,0
-18,-59,0
-18,-60,0
-18,-61,0
-18,-62,0
-18,-63,0
-18,-64,0
-18,-65,0
-18,-66,0
-18,-67,0
-18,-68,0
-18,-69,0
-18,-70,0
-18,-71,0
-18,-72,0
-18,-73,0
-18,-74,0
-18,-75,0
-18,-76,0
-18,-77,0
-18,-78,0
-18,-79,0
-18,-80,0
-18,-81,0
-18,-82,0
-18,-83,0
-18,-84,0
-18,-85,0
-18,-86,0
-18,-87,0
-18,-88,0
-18,-89,0
-18,-90,0
-18,-91,0
-18,-92,0
-18,-93,0
-21,13,4
-21,14,4
-21,15,4
-21,16,4
-21,17,4
-21,18,4
-21,19,4
-21,20,4
-21,-22,1
-21,-23,1
-21,-24,1
-21,-25,1
-21,-26,1
-21,-27,1
-21,-28,1
-21,-29,1
-21,-30,1
-21,-31,1
-21,-32,1
-21,-33,1
-21,-34,1
-21,-35,1
-21,-36,1
-21,-37,1
-21,-38,1
-21,-39,1
-21,-40,0
-21,-41,0
-21,-42,0
-21,-43,0
-21,-44,0
-21,-45,0
-21,-46,0
-21,-47,0
-21,-48,0
-21,-49,0
-21,-50,0
-21,-51,0
-21,-52,0
-21,-53,0
-21,-54,0
-21,-55,0
-21,-56,0
-21,-57,0
-21,-58,0
-21,-59,0
-21,-60,0
-21,-61,0
-21,-62,0
-21,-63,0
-21,-64,0
-21,-65,0
-21,-66,0
-21,-67,0
-21,-68,0
-21,-69,0
-21,-70,0
-21,-71,0
-21,-72,0
-21,-73,0
-21,-74,0
-21,-75,0
-21,-76,0
-21,-77,0
-21,-78,0
-21,-79,0
-21,-80,0
-21,-81,0
-21,-82,0
-21,-83,0
-21,-84,0
-21,-85,0
-21,-86,0
-21,-87,0
-21,-88,0
-21,-89,0
-21,-90,0
-21,-91,0
-21,-92,0
-21,-93,0
-22,-13,1
-22,-14,1
-22,-15,1
-22,-16,1
-22,-17,1
-22,-18,1
-22,-19,1
-22,-20,1
-22,-21,1
-22,23,5
-22,24,5
-22,25,5
-22,26,5
-22,27,5
-22,28,5
-22,29,5
-22,30,5
-22,-31,1
-22,-32,1
-22,-33,1
-22,-34,1
-22,-35,1
-22,-36,1
-22,-37,1
-22,-38,1
-22,-39,1
-22,-40,0
-22,-41,0
-22,-42,0
-22,-43,0
-22,-44,0
-22,-45,0
-22,-46,0
-22,-47,0
-22,-48,0
-22,-49,0
-22,-50,0
-22,-51,0
-22,-52,0
-22,-53,0
-22,-54,0
-22,-55,0
-22,-56,0
-22,-57,0
-22,-58,0
-22,-59,0
-22,-60,0
-22,-61,0
-22,-62,0
-22,-63,0
-22,-64,0
-22,-65,0
-22,-66,0
-22,-67,0
-22,-68,0
-22,-69,0
-22,-70,0
-22,-71,0
-22,-72,0
-22,-73,0
-22,-74,0
-22,-75,0
-22,-76,0
-22,-77,0
-22,-78,0
-22,-79,0
-22,-80,0
-22,-81,0
-22,-82,0
-22,-83,0
-22,-84,0
-22,-85,0
-22,-86,0
-22,-87,0
-22,-88,0
-22,-89,0
-22,-90,0
-22,-91,0
-22,-92,0
-22,-93,0
-25,-13,1
-25,-14,1
-25,-15,1
-25,-16,1
-25,-17,1
-25,-18,1
-25,-19,1
-25,-20,1
-25,-21,1
-25,22,5
-25,23,5
-25,24,5
-25,26,5
-25,27,5
-25,28,5
-25,29,5
-25,30,5
-25,-31,1
-25,-32,1
-25,-33,1
-25,-34,1
-25,-35,1
-25,-36,1
-25,-37,1
-25,-38,1
-25,-39,1
-25,-40,0
-25,-41,0
-25,-42,0
-25,-43,0
-25,-44,0
-25,-45,0
-25,-46,0
-25,-47,0
-25,-48,0
-25,-49,0
-25,-50,0
-25,-51,0
-25,-52,0
-25,-53,0
-25,-54,0
-25,-55,0
-25,-56,0
-25,-57,0
-25,-58,0
-25,-59,0
-25,-60,0
-25,-61,0
-25,-62,0
-25,-63,0
-25,-64,0
-25,-65,0
-25,-66,0
-25,-67,0
-25,-68,0
-25,-69,0
-25,-70,0
-25,-71,0
-25,-72,0
-25,-73,0
-25,-74,0
-25,-75,0
-25,-76,0
-25,-77,0
-25,-78,0
-25,-79,0
-25,-80,0
-25,-81,0
-25,-82,0
-25,-83,0
-25,-84,0
-25,-85,0
-25,-86,0
-25,-87,0
-25,-88,0
-25,-89,0
-25,-90,0
-25,-91,0
-25,-92,0
-25,-93,0
-28,-13,1
-28,-14,1
-28,-15,1
-28,-16,1
-28,-17,1
-28,-18,1
-28,-19,1
-28,-20,1
-28,-21,1
-28,22,5
-28,23,5
-28,24,5
-28,25,5
-28,26,5
-28,27,5
-28,29,5
-28,30,5
-28,-31,1
-28,-32,1
-28,-33,1
-28,-34,1
-28,-35,1
-28,-36,1
-28,-37,1
-28,-38,1
-28,-39,1
-28,-40,0
-28,-41,0
-28,-42,0
-28,-43,0
-28,-44,0
-28,-45,0
-28,-46,0
-28,-47,0
-28,-48,0
-28,-49,0
-28,-50,0
-28,-51,0
-28,-52,0
-28,-53,0
-28,-54,0
-28,-55,0
-28,-56,0
-28,-57,0
-28,-58,0
-28,-59,0
-28,-60,0
-28,-61,0
-28,-62,0
-28,-63,0
-28,-64,0
-28,-65,0
-28,-66,0
-28,-67,0
-28,-68,0
-28,-69,0
-28,-70,0
-28,-71,0
-28,-72,0
-28,-73,0
-28,-74,0
-28,-75,0
-28,-76,0
-28,-77,0
-28,-78,0
-28,-79,0
-28,-80,0
-28,-81,0
-28,-82,0
-28,-83,0
-28,-84,0
-28,-85,0
-28,-86,0
-28,-87,0
-28,-88,0
-28,-89,0
-28,-90,0
-28,-91,0
-28,-92,0
-28,-93,0
-23,-13,1
-23,-14,1
-23,-15,1
-23,-16,1
-23,-17,1
-23,-18,1
-23,-19,1
-23,-20,1
-23,-21,1
-23,22,5
-23,24,5
-23,25,5
-23,26,5
-23,27,5
-23,28,5
-23,29,5
-23,30,5
-23,-31,1
-23,-32,1
-23,-33,1
-23,-34,1
-23,-35,1
-23,-36,1
-23,-37,1
-23,-38,1
-23,-39,1
-23,-40,0
-23,-41,0
-23,-42,0
-23,-43,0
-23,-44,0
-23,-45,0
-23,-46,0
-23,-47,0
-23,-48,0
-23,-49,0
-23,-50,0
-23,-51,0
-23,-52,0
-23,-53,0
-23,-54,0
-23,-55,0
-23,-56,0
-23,-57,0
-23,-58,0
-23,-59,0
-23,-60,0
-23,-61,0
-23,-62,0
-23,-63,0
-23,-64,0
-23,-65,0
-23,-66,0
-23,-67,0
-23,-68,0
-23,-69,0
-23,-70,0
-23,-71,0
-23,-72,0
-23,-73,0
-23,-74,0
-23,-75,0
-23,-76,0
-23,-77,0
-23,-78,0
-23,-79,0
-23,-80,0
-23,-81,0
-23,-82,0
-23,-83,0
-23,-84,0
-23,-85,0
-23,-86,0
-23,-87,0
-23,-88,0
-23,-89,0
-23,-90,0
-23,-91,0
-23,-92,0
-23,-93,0
-26,-13,1
-26,-14,1
-26,-15,1
-26,-16,1
-26,-17,1
-26,-18,1
-26,-19,1
-26,-20,1
-26,-21,1
-26,22,5
-26,23,5
-26,24,5
-26,25,5
-26,27,5
-26,28,5
-26,29,5
-26,30,5
-26,-31,1
-26,-32,1
-26,-33,1
-26,-34,1
-26,-35,1
-26,-36,1
-26,-37,1
-26,-38,1
-26,-39,1
-26,-40,0
-26,-41,0
-26,-42,0
-26,-43,0
-26,-44,0
-26,-45,0
-26,-46,0
-26,-47,0
-26,-48,0
-26,-49,0
-26,-50,0
-26,-51,0
-26,-52,0
-26,-53,0
-26,-54,0
-26,-55,0
-26,-56,0
-26,-57,0
-26,-58,0
-26,-59,0
-26,-60,0
-26,-61,0
-26,-62,0
-26,-63,0
-26,-64,0
-26,-65,0
-26,-66,0
-26,-67,0
-26,-68,0
-26,-69,0
-26,-70,0
-26,-71,0
-26,-72,0
-26,-73,0
-26,-74,0
-26,-75,0
-26,-76,0
-26,-77,0
-26,-78,0
-26,-79,0
-26,-80,0
-26,-81,0
-26,-82,0
-26,-83,0
-26,-84,0
-26,-85,0
-26,-86,0
-26,-87,0
-26,-88,0
-26,-89,0
-26,-90,0
-26,-91,0
-26,-92,0
-26,-93,0
-29,-13,1
-29,-14,1
-29,-15,1
-29,-16,1
-29,-17,1
-29,-18,1
-29,-19,1
-29,-20,1
-29,-21,1
-29,22,5
-29,23,5
-29,24,5
-29,25,5
-29,26,5
-29,27,5
-29,28,5
-29,30,5
-29,-31,1
-29,-32,1
-29,-33,1
-29,-34,1
-29,-35,1
-29,-36,1
-29,-37,1
-29,-38,1
-29,-39,1
-29,-40,0
-29,-41,0
-29,-42,0
-29,-43,0
-29,-44,0
-29,-45,0
-29,-46,0
-29,-47,0
-29,-48,0
-29,-49,0
-29,-50,0
-29,-51,0
-29,-52,0
-29,-53,0
-29,-54,0
-29,-55,0
-29,-56,0
-29,-57,0
-29,-58,0
-29,-59,0
-29,-60,0
-29,-61,0
-29,-62,0
-29,-63,0
-29,-64,0
-29,-65,0
-29,-66,0
-29,-67,0
-29,-68,0
-29,-69,0
-29,-70,0
-29,-71,0
-29,-72,0
-29,-73,0
-29,-74,0
-29,-75,0
-29,-76,0
-29,-77,0
-29,-78,0
-29,-79,0
-29,-80,0
-29,-81,0
-29,-82,0
-29,-83,0
-29,-84,0
-29,-85,0
-29,-86,0
-29,-87,0
-29,-88,0
-29,-89,0
-29,-90,0
-29,-91,0
-29,-92,0
-29,-93,0
-24,-13,1
-24,-14,1
-24,-15,1
-24,-16,1
-24,-17,1
-24,-18,1
-24,-19,1
-24,-20,1
-24,-21,1
-24,22,5
-24,23,5
-24,25,5
-24,26,5
-24,27,5
-24,28,5
-24,29,5
-24,30,5
-24,-31,1
-24,-32,1
-24,-33,1
-24,-34,1
-24,-35,1
-24,-36,1
-24,-37,1
-24,-38,1
-24,-39,1
-24,-40,0
-24,-41,0
-24,-42,0
-24,-43,0
-24,-44,0
-24,-45,0
-24,-46,0
-24,-47,0
-24,-48,0
-24,-49,0
-24,-50,0
-24,-51,0
-24,-52,0
-24,-53,0
-24,-54,0
-24,-55,0
-24,-56,0
-24,-57,0
-24,-58,0
-24,-59,0
-24,-60,0
-24,-61,0
-24,-62,0
-24,-63,0
-24,-64,0
-24,-65,0
-24,-66,0
-24,-67,0
-24,-68,0
-24,-69,0
-24,-70,0
-24,-71,0
-24,-72,0
-24,-73,0
-24,-74,0
-24,-75,0
-24,-76,0
-24,-77,0
-24,-78,0
-24,-79,0
-24,-80,0
-24,-81,0
-24,-82,0
-24,-83,0
-24,-84,0
-24,-85,0
-24,-86,0
-24,-87,0
-24,-88,0
-24,-89,0
-24,-90,0
-24,-91,0
-24,-92,0
-24,-93,0
-27,-13,1
-27,-14,1
-27,-15,1
-27,-16,1
-27,-17,1
-27,-18,1
-27,-19,1
-27,-20,1
-27,-21,1
-27,22,5
-27,23,5
-27,24,5
-27,25,5
-27,26,5
-27,28,5
-27,29,5
-27,30,5
-27,-31,1
-27,-32,1
-27,-33,1
-27,-34,1
-27,-35,1
-27,-36,1
-27,-37,1
-27,-38,1
-27,-39,1
-27,-40,0
-27,-41,0
-27,-42,0
-27,-43,0
-27,-44,0
-27,-45,0
-27,-46,0
-27,-47,0
-27,-48,0
-27,-49,0
-27,-50,0
-27,-51,0
-27,-52,0
-27,-53,0
-27,-54,0
-27,-55,0
-27,-56,0
-27,-57,0
-27,-58,0
-27,-59,0
-27,-60,0
-27,-61,0
-27,-62,0
-27,-63,0
-27,-64,0
-27,-65,0
-27,-66,0
-27,-67,0
-27,-68,0
-27,-69,0
-27,-70,0
-27,-71,0
-27,-72,0
-27,-73,0
-27,-74,0
-27,-75,0
-27,-76,0
-27,-77,0
-27,-78,0
-27,-79,0
-27,-80,0
-27,-81,0
-27,-82,0
-27,-83,0
-27,-84,0
-27,-85,0
-27,-86,0
-27,-87,0
-27,-88,0
-27,-89,0
-27,-90,0
-27,-91,0
-27,-92,0
-27,-93,0
-30,-13,1
-30,-14,1
-30,-15,1
-30,-16,1
-30,-17,1
-30,-18,1
-30,-19,1
-30,-20,1
-30,-21,1
-30,22,5
-30,23,5
-30,24,5
-30,25,5
-30,26,5
-30,27,5
-30,28,5
-30,29,5
-30,-31,1
-30,-32,1
-30,-33,1
-30,-34,1
-30,-35,1
-30,-36,1
-30,-37,1
-30,-38,1
-30,-39,1
-30,-40,0
-30,-41,0
-30,-42,0
-30,-43,0
-30,-44,0
-30,-45,0
-30,-46,0
-30,-47,0
-30,-48,0
-30,-49,0
-30,-50,0
-30,-51,0
-30,-52,0
-30,-53,0
-30,-54,0
-30,-55,0
-30,-56,0
-30,-57,0
-30,-58,0
-30,-59,0
-30,-60,0
-30,-61,0
-30,-62,0
-30,-63,0
-30,-64,0
-30,-65,0
-30,-66,0
-30,-67,0
-30,-68,0
-30,-69,0
-30,-70,0
-30,-71,0
-30,-72,0
-30,-73,0
-30,-74,0
-30,-75,0
-30,-76,0
-30,-77,0
-30,-78,0
-30,-79,0
-30,-80,0
-30,-81,0
-30,-82,0
-30,-83,0
-30,-84,0
-30,-85,0
-30,-86,0
-30,-87,0
-30,-88,0
-30,-89,0
-30,-90,0
-30,-91,0
-30,-92,0
-30,-93,0
-31,-13,1
-31,-14,1
-31,-15,1
-31,-16,1
-31,-17,1
-31,-18,1
-31,-19,1
-31,-20,1
-31,-21,1
-31,-22,1
-31,-23,1
-31,-24,1
-31,-25,1
-31,-26,1
-31,-27,1
-31,-28,1
-31,-29,1
-31,-30,1
-31,32,6
-31,33,6
-31,34,6
-31,35,6
-31,36,6
-31,37,6
-31,38,6
-31,39,6
-31,-40,0
-31,-41,0
-31,-42,0
-31,-43,0
-31,-44,0
-31,-45,0
-31,-46,0
-31,-47,0
-31,-48,0
-31,-49,0
-31,-50,0
-31,-51,0
-31,-52,0
-31,-53,0
-31,-54,0
-31,-55,0
-31,-56,0
-31,-57,0
-31,-58,0
-31,-59,0
-31,-60,0
-31,-61,0
-31,-62,0
-31,-63,0
-31,-64,0
-31,-65,0
-31,-66,0
-31,-67,0
-31,-68,0
-31,-69,0
-31,-70,0
-31,-71,0
-31,-72,0
-31,-73,0
-31,-74,0
-31,-75,0
-31,-76,0
-31,-77,0
-31,-78,0
-31,-79,0
-31,-80,0
-31,-81,0
-31,-82,0
-31,-83,0
-31,-84,0
-31,-85,0
-31,-86,0
-31,-87,0
-31,-88,0
-31,-89,0
-31,-90,0
-31,-91,0
-31,-92,0
-31,-93,0
-34,-13,1
-34,-14,1
-34,-15,1
-34,-16,1
-34,-17,1
-34,-18,1
-34,-19,1
-34,-20,1
-34,-21,1
-34,-22,1
-34,-23,1
-34,-24,1
-34,-25,1
-34,-26,1
-34,-27,1
-34,-28,1
-34,-29,1
-34,-30,1
-34,31,6
-34,32,6
-34,33,6
-34,35,6
-34,36,6
-34,37,6
-34,38,6
-34,39,6
-34,-40,0
-34,-41,0
-34,-42,0
-34,-43,0
-34,-44,0
-34,-45,0
-34,-46,0
-34,-47,0
-34,-48,0
-34,-49,0
-34,-50,0
-34,-51,0
-34,-52,0
-34,-53,0
-34,-54,0
-34,-55,0
-34,-56,0
-34,-57,0
-34,-58,0
-34,-59,0
-34,-60,0
-34,-61,0
-34,-62,0
-34,-63,0
-34,-64,0
-34,-65,0
-34,-66,0
-34,-67,0
-34,-68,0
-34,-69,0
-34,-70,0
-34,-71,0
-34,-72,0
-34,-73,0
-34,-74,0
-34,-75,0
-34,-76,0
-34,-77,0
-34,-78,0
-34,-79,0
-34,-80,0
-34,-81,0
-34,-82,0
-34,-83,0
-34,-84,0
-34,-85,0
-34,-86,0
-34,-87,0
-34,-88,0
-34,-89,0
-34,-90,0
-34,-91,0
-34,-92,0
-34,-93,0
-37,-13,1
-37,-14,1
-37,-15,1
-37,-16,1
-37,-17,1
-37,-18,1
-37,-19,1
-37,-20,1
-37,-21,1
-37,-22,1
-37,-23,1
-37,-24,1
-37,-25,1
-37,-26,1
-37,-27,1
-37,-28,1
-37,-29,1
-37,-30,1
-37,31,6
-37,32,6
-37,33,6
-37,34,6
-37,35,6
-37,36,6
-37,38,6
-37,39,6
-37,-40,0
-37,-41,0
-37,-42,0
-37,-43,0
-37,-44,0
-37,-45,0
-37,-46,0
-37,-47,0
-37,-48,0
-37,-49,0
-37,-50,0
-37,-51,0
-37,-52,0
-37,-53,0
-37,-54,0
-37,-55,0
-37,-56,0
-37,-57,0
-37,-58,0
-37,-59,0
-37,-60,0
-37,-61,0
-37,-62,0
-37,-63,0
-37,-64,0
-37,-65,0
-37,-66,0
-37,-67,0
-37,-68,0
-37,-69,0
-37,-70,0
-37,-71,0
-37,-72,0
-37,-73,0
-37,-74,0
-37,-75,0
-37,-76,0
-37,-77,0
-37,-78,0
-37,-79,0
-37,-80,0
-37,-81,0
-37,-82,0
-37,-83,0
-37,-84,0
-37,-85,0
-37,-86,0
-37,-87,0
-37,-88,0
-37,-89,0
-37,-90,0
-37,-91,0
-37,-92,0
-37,-93,0
-32,-13,1
-32,-14,1
-32,-15,1
-32,-16,1
-32,-17,1
-32,-18,1
-32,-19,1
-32,-20,1
-32,-21,1
-32,-22,1
-32,-23,1
-32,-24,1
-32,-25,1
-32,-26,1
-32,-27,1
-32,-28,1
-32,-29,1
-32,-30,1
-32,31,6
-32,33,6
-32,34,6
-32,35,6
-32,36,6
-32,37,6
-32,38,6
-32,39,6
-32,-40,0
-32,-41,0
-32,-42,0
-32,-43,0
-32,-44,0
-32,-45,0
-32,-46,0
-32,-47,0
-32,-48,0
-32,-49,0
-32,-50,0
-32,-51,0
-32,-52,0
-32,-53,0
-32,-54,0
-32,-55,0
-32,-56,0
-32,-57,0
-32,-58,0
-32,-59,0
-32,-60,0
-32,-61,0
-32,-62,0
-32,-63,0
-32,-64,0
-32,-65,0
-32,-66,0
-32,-67,0
-32,-68,0
-32,-69,0
-32,-70,0
-32,-71,0
-32,-72,0
-32,-73,0
-32,-74,0
-32,-75,0
-32,-76,0
-32,-77,0
-32,-78,0
-32,-79,0
-32,-80,0
-32,-81,0
-32,-82,0
-32,-83,0
-32,-84,0
-32,-85,0
-32,-86,0
-32,-87,0
-32,-88,0
-32,-89,0
-32,-90,0
-32,-91,0
-32,-92,0
-32,-93,0
-35,-13,1
-35,-14,1
-35,-15,1
-35,-16,1
-35,-17,1
-35,-18,1
-35,-19,1
-35,-20,1
-35,-21,1
-35,-22,1
-35,-23,1
-35,-24,1
-35,-25,1
-35,-26,1
-35,-27,1
-35,-28,1
-35,-29,1
-35,-30,1
-35,31,6
-35,32,6
-35,33,6
-35,34,6
-35,36,6
-35,37,6
-35,38,6
-35,39,6
-35,-40,0
-35,-41,0
-35,-42,0
-35,-43,0
-35,-44,0
-35,-45,0
-35,-46,0
-35,-47,0
-35,-48,0
-35,-49,0
-35,-50,0
-35,-51,0
-35,-52,0
-35,-53,0
-35,-54,0
-35,-55,0
-35,-56,0
-35,-57,0
-35,-58,0
-35,-59,0
-35,-60,0
-35,-61,0
-35,-62,0
-35,-63,0
-35,-64,0
-35,-65,0
-35,-66,0
-35,-67,0
-35,-68,0
-35,-69,0
-35,-70,0
-35,-71,0
-35,-72,0
-35,-73,0
-35,-74,0
-35,-75,0
-35,-76,0
-35,-77,0
-35,-78,0
-35,-79,0
-35,-80,0
-35,-81,0
-35,-82,0
-35,-83,0
-35,-84,0
-35,-85,0
-35,-86,0
-35,-87,0
-35,-88,0
-35,-89,0
-35,-90,0
-35,-91,0
-35,-92,0
-35,-93,0
-38,-13,1
-38,-14,1
-38,-15,1
-38,-16,1
-38,-17,1
-38,-18,1
-38,-19,1
-38,-20,1
-38,-21,1
-38,-22,1
-38,-23,1
-38,-24,1
-38,-25,1
-38,-26,1
-38,-27,1
-38,-28,1
-38,-29,1
-38,-30,1
-38,31,6
-38,32,6
-38,33,6
-38,34,6
-38,35,6
-38,36,6
-38,37,6
-38,39,6
-38,-40,0
-38,-41,0
-38,-42,0
-38,-43,0
-38,-44,0
-38,-45,0
-38,-46,0
-38,-47,0
-38,-48,0
-38,-49,0
-38,-50,0
-38,-51,0
-38,-52,0
-38,-53,0
-38,-54,0
-38,-55,0
-38,-56,0
-38,-57,0
-38,-58,0
-38,-59,0
-38,-60,0
-38,-61,0
-38,-62,0
-38,-63,0
-38,-64,0
-38,-65,0
-38,-66,0
-38,-67,0
-38,-68,0
-38,-69,0
-38,-70,0
-38,-71,0
-38,-72,0
-38,-73,0
-38,-74,0
-38,-75,0
-38,-76,0
-38,-77,0
-38,-78,0
-38,-79,0
-38,-80,0
-38,-81,0
-38,-82,0
-38,-83,0
-38,-84,0
-38,-85,0
-38,-86,0
-38,-87,0
-38,-88,0
-38,-89,0
-38,-90,0
-38,-91,0
-38,-92,0
-38,-93,0
-33,-13,1
-33,-14,1
-33,-15,1
-33,-16,1
-33,-17,1
-33,-18,1
-33,-19,1
-33,-20,1
-33,-21,1
-33,-22,1
-33,-23,1
-33,-24,1
-33,-25,1
-33,-26,1
-33,-27,1
-33,-28,1
-33,-29,1
-33,-30,1
-33,31,6
-33,32,6
-33,34,6
-33,35,6
-33,36,6
-33,37,6
-33,38,6
-33,39,6
-33,-40,0
-33,-41,0
-33,-42,0
-33,-43,0
-33,-44,0
-33,-45,0
-33,-46,0
-33,-47,0
-33,-48,0
-33,-49,0
-33,-50,0
-33,-51,0
-33,-52,0
-33,-53,0
-33,-54,0
-33,-55,0
-33,-56,0
-33,-57,0
-33,-58,0
-33,-59,0
-33,-60,0
-33,-61,0
-33,-62,0
-33,-63,0
-33,-64,0
-33,-65,0
-33,-66,0
-33,-67,0
-33,-68,0
-33,-69,0
-33,-70,0
-33,-71,0
-33,-72,0
-33,-73,0
-33,-74,0
-33,-75,0
-33,-76,0
-33,-77,0
-33,-78,0
-33,-79,0
-33,-80,0
-33,-81,0
-33,-82,0
-33,-83,0
-33,-84,0
-33,-85,0
-33,-86,0
-33,-87,0
-33,-88,0
-33,-89,0
-33,-90,0
-33,-91,0
-33,-92,0
-33,-93,0
-36,-13,1
-36,-14,1
-36,-15,1
-36,-16,1
-36,-17,1
-36,-18,1
-36,-19,1
-36,-20,1
-36,-21,1
-36,-22,1
-36,-23,1
-36,-24,1
-36,-25,1
-36,-26,1
-36,-27,1
-36,-28,1
-36,-29,1
-36,-30,1
-36,31,6
-36,32,6
-36,33,6
-36,34,6
-36,35,6
-36,37,6
-36,38,6
-36,39,6
-36,-40,0
-36,-41,0
-36,-42,0
-36,-43,0
-36,-44,0
-36,-45,0
-36,-46,0
-36,-47,0
-36,-48,0
-36,-49,0
-36,-50,0
-36,-51,0
-36,-52,0
-36,-53,0
-36,-54,0
-36,-55,0
-36,-56,0
-36,-57,0
-36,-58,0
-36,-59,0
-36,-60,0
-36,-61,0
-36,-62,0
-36,-63,0
-36,-64,0
-36,-65,0
-36,-66,0
-36,-67,0
-36,-68,0
-36,-69,0
-36,-70,0
-36,-71,0
-36,-72,0
-36,-73,0
-36,-74,0
-36,-75,0
-36,-76,0
-36,-77,0
-36,-78,0
-36,-79,0
-36,-80,0
-36,-81,0
-36,-82,0
-36,-83,0
-36,-84,0
-36,-85,0
-36,-86,0
-36,-87,0
-36,-88,0
-36,-89,0
-36,-90,0
-36,-91,0
-36,-92,0
-36,-93,0
-39,-13,1
-39,-14,1
-39,-15,1
-39,-16,1
-39,-17,1
-39,-18,1
-39,-19,1
-39,-20,1
-39,-21,1
-39,-22,1
-39,-23,1
-39,-24,1
-39,-25,1
-39,-26,1
-39,-27,1
-39,-28,1
-39,-29,1
-39,-30,1
-39,31,6
-39,32,6
-39,33,6
-39,34,6
-39,35,6
-39,36,6
-39,37,6
-39,38,6
-39,-40,0
-39,-41,0
-39,-42,0
-39,-43,0
-39,-44,0
-39,-45,0
-39,-46,0
-39,-47,0
-39,-48,0
-39,-49,0
-39,-50,0
-39,-51,0
-39,-52,0
-39,-53,0
-39,-54,0
-39,-55,0
-39,-56,0
-39,-57,0
-39,-58,0
-39,-59,0
-39,-60,0
-39,-61,0
-39,-62,0
-39,-63,0
-39,-64,0
-39,-65,0
-39,-66,0
-39,-67,0
-39,-68,0
-39,-69,0
-39,-70,0
-39,-71,0
-39,-72,0
-39,-73,0
-39,-74,0
-39,-75,0
-39,-76,0
-39,-77,0
-39,-78,0
-39,-79,0
-39,-80,0
-39,-81,0
-39,-82,0
-39,-83,0
-39,-84,0
-39,-85,0
-39,-86,0
-39,-87,0
-39,-88,0
-39,-89,0
-39,-90,0
-39,-91,0
-39,-92,0
-39,-93,0
-40,-13,0
-40,-14,0
-40,-15,0
-40,-16,0
-40,-17,0
-40,-18,0
-40,-19,0
-40,-20,0
-40,-21,0
-40,-22,0
-40,-23,0
-40,-24,0
-40,-25,0
-40,-26,0
-40,-27,0
-40,-28,0
-40,-29,0
-40,-30,0
-40,-31,0
-40,-32,0
-40,-33,0
-40,-34,0
-40,-35,0
-40,-36,0
-40,-37,0
-40,-38,0
-40,-39,0
-40,41,7
-40,42,7
-40,43,7
-40,44,7
-40,45,7
-40,46,7
-40,47,7
-40,48,7
-40,-49,2
-40,-50,2
-40,-51,2
-40,-52,2
-40,-53,2
-40,-54,2
-40,-55,2
-40,-56,2
-40,-57,2
-40,-58,2
-40,-59,2
-40,-60,2
-40,-61,2
-40,-62,2
-40,-63,2
-40,-64,2
-40,-65,2
-40,-66,2
-40,-67,0
-40,-68,0
-40,-69,0
-40,-70,0
-40,-71,0
-40,-72,0
-40,-73,0
-40,-74,0
-40,-75,0
-40,-76,0
-40,-77,0
-40,-78,0
-40,-79,0
-40,-80,0
-40,-81,0
-40,-82,0
-40,-83,0
-40,-84,0
-40,-85,0
-40,-86,0
-40,-87,0
-40,-88,0
-40,-89,0
-40,-90,0
-40,-91,0
-40,-92,0
-40,-93,0
-43,-13,0
-43,-14,0
-43,-15,0
-43,-16,0
-43,-17,0
-43,-18,0
-43,-19,0
-43,-20,0
-43,-21,0
-43,-22,0
-43,-23,0
-43,-24,0
-43,-25,0
-43,-26,0
-43,-27,0
-43,-28,0
-43,-29,0
-43,-30,0
-43,-31,0
-43,-32,0
-43,-33,0
-43,-34,0
-43,-35,0
-43,-36,0
-43,-37,0
-43,-38,0
-43,-39,0
-43,40,7
-43,41,7
-43,42,7
-43,44,7
-43,45,7
-43,46,7
-43,47,7
-43,48,7
-43,-49,2
-43,-50,2
-43,-51,2
-43,-52,2
-43,-53,2
-43,-54,2
-43,-55,2
-43,-56,2
-43,-57,2
-43,-58,2
-43,-59,2
-43,-60,2
-43,-61,2
-43,-62,2
-43,-63,2
-43,-64,2
-43,-65,2
-43,-66,2
-43,-67,0
-43,-68,0
-43,-69,0
-43,-70,0
-43,-71,0
-43,-72,0
-43,-73,0
-43,-74,0
-43,-75,0
-43,-76,0
-43,-77,0
-43,-78,0
-43,-79,0
-43,-80,0
-43,-81,0
-43,-82,0
-43,-83,0
-43,-84,0
-43,-85,0
-43,-86,0
-43,-87,0
-43,-88,0
-43,-89,0
-43,-90,0
-43,-91,0
-43,-92,0
-43,-93,0
-46,-13,0
-46,-14,0
-46,-15,0
-46,-16,0
-46,-17,0
-46,-18,0
-46,-19,0
-46,-20,0
-46,-21,0
-46,-22,0
-46,-23,0
-46,-24,0
-46,-25,0
-46,-26,0
-46,-27,0
-46,-28,0
-46,-29,0
-46,-30,0
-46,-31,0
-46,-32,0
-46,-33,0
-46,-34,0
-46,-35,0
-46,-36,0
-46,-37,0
-46,-38,0
-46,-39,0
-46,40,7
-46,41,7
-46,42,7
-46,43,7
-46,44,7
-46,45,7
-46,47,7
-46,48,7
-46,-49,2
-46,-50,2
-46,-51,2
-46,-52,2
-46,-53,2
-46,-54,2
-46,-55,2
-46,-56,2
-46,-57,2
-46,-58,2
-46,-59,2
-46,-60,2
-46,-61,2
-46,-62,2
-46,-63,2
-46,-64,2
-46,-65,2
-46,-66,2
-46,-67,0
-46,-68,0
-46,-69,0
-46,-70,0
-46,-71,0
-46,-72,0
-46,-73,0
-46,-74,0
-46,-75,0
-46,-76,0
-46,-77,0
-46,-78,0
-46,-79,0
-46,-80,0
-46,-81,0
-46,-82,0
-46,-83,0
-46,-84,0
-46,-85,0
-46,-86,0
-46,-87,0
-46,-88,0
-46,-89,0
-46,-90,0
-46,-91,0
-46,-92,0
-46,-93,0
-41,-13,0
-41,-14,0
-41,-15,0
-41,-16,0
-41,-17,0
-41,-18,0
-41,-19,0
-41,-20,0
-41,-21,0
-41,-22,0
-41,-23,0
-41,-24,0
-41,-25,0
-41,-26,0
-41,-27,0
-41,-28,0
-41,-29,0
-41,-30,0
-41,-31,0
-41,-32,0
-41,-33,0
-41,-34,0
-41,-35,0
-41,-36,0
-41,-37,0
-41,-38,0
-41,-39,0
-41,40,7
-41,42,7
-41,43,7
-41,44,7
-41,45,7
-41,46,7
-41,47,7
-41,48,7
-41,-49,2
-41,-50,2
-41,-51,2
-41,-52,2
-41,-53,2
-41,-54,2
-41,-55,2
-41,-56,2
-41,-57,2
-41,-58,2
-41,-59,2
-41,-60,2
-41,-61,2
-41,-62,2
-41,-63,2
-41,-64,2
-41,-65,2
-41,-66,2
-41,-67,0
-41,-68,0
-41,-69,0
-41,-70,0
-41,-71,0
-41,-72,0
-41,-73,0
-41,-74,0
-41,-75,0
-41,-76,0
-41,-77,0
-41,-78,0
-41,-79,0
-41,-80,0
-41,-81,0
-41,-82,0
-41,-83,0
-41,-84,0
-41,-85,0
-41,-86,0
-41,-87,0
-41,-88,0
-41,-89,0
-41,-90,0
-41,-91,0
-41,-92,0
-41,-93,0
-44,-13,0
-44,-14,0
-44,-15,0
-44,-16,0
-44,-17,0
-44,-18,0
-44,-19,0
-44,-20,0
-44,-21,0
-44,-22,0
-44,-23,0
-44,-24,0
-44,-25,0
-44,-26,0
-44,-27,0
-44,-28,0
-44,-29,0
-44,-30,0
-44,-31,0
-44,-32,0
-44,-33,0
-44,-34,0
-44,-35,0
-44,-36,0
-44,-37,0
-44,-38,0
-44,-39,0
-44,40,7
-44,41,7
-44,42,7
-44,43,7
-44,45,7
-44,46,7
-44,47,7
-44,48,7
-44,-49,2
-44,-50,2
-44,-51,2
-44,-52,2
-44,-53,2
-44,-54,2
-44,-55,2
-44,-56,2
-44,-57,2
-44,-58,2
-44,-59,2
-44,-60,2
-44,-61,2
-44,-62,2
-44,-63,2
-44,-64,2
-44,-65,2
-44,-66,2
-44,-67,0
-44,-68,0
-44,-69,0
-44,-70,0
-44,-71,0
-44,-72,0
-44,-73,0
-44,-74,0
-44,-75,0
-44,-76,0
-44,-77,0
-44,-78,0
-44,-79,0
-44,-80,0
-44,-81,0
-44,-82,0
-44,-83,0
-44,-84,0
-44,-85,0
-44,-86,0
-44,-87,0
-44,-88,0
-44,-89,0
-44,-90,0
-44,-91,0
-44,-92,0
-44,-93,0
-47,-13,0
-47,-14,0
-47,-15,0
-47,-16,0
-47,-17,0
-47,-18,0
-47,-19,0
-47,-20,0
-47,-21,0
-47,-22,0
-47,-23,0
-47,-24,0
-47,-25,0
-47,-26,0
-47,-27,0
-47,-28,0
-47,-29,0
-47,-30,0
-47,-31,0
-47,-32,0
-47,-33,0
-47,-34,0
-47,-35,0
-47,-36,0
-47,-37,0
-47,-38,0
-47,-39,0
-47,40,7
-47,41,7
-47,42,7
-47,43,7
-47,44,7
-47,45,7
-47,46,7
-47,48,7
-47,-49,2
-47,-50,2
-47,-51,2
-47,-52,2
-47,-53,2
-47,-54,2
-47,-55,2
-47,-56,2
-47,-57,2
-47,-58,2
-47,-59,2
-47,-60,2
-47,-61,2
-47,-62,2
-47,-63,2
-47,-64,2
-47,-65,2
-47,-66,2
-47,-67,0
-47,-68,0
-47,-69,0
-47,-70,0
-47,-71,0
-47,-72,0
-47,-73,0
-47,-74,0
-47,-75,0
-47,-76,0
-47,-77,0
-47,-78,0
-47,-79,0
-47,-80,0
-47,-81,0
-47,-82,0
-47,-83,0
-47,-84,0
-47,-85,0
-47,-86,0
-47,-87,0
-47,-88,0
-47,-89,0
-47,-90,0
-47,-91,0
-47,-92,0
-47,-93,0
-42,-13,0
-42,-14,0
-42,-15,0
-42,-16,0
-42,-17,0
-42,-18,0
-42,-19,0
-42,-20,0
-42,-21,0
-42,-22,0
-42,-23,0
-42,-24,0
-42,-25,0
-42,-26,0
-42,-27,0
-42,-28,0
-42,-29,0
-42,-30,0
-42,-31,0
-42,-32,0
-42,-33,0
-42,-34,0
-42,-35,0
-42,-36,0
-42,-37,0
-42,-38,0
-42,-39,0
-42,40,7
-42,41,7
-42,43,7
-42,44,7
-42,45,7
-42,46,7
-42,47,7
-42,48,7
-42,-49,2
-42,-50,2
-42,-51,2
-42,-52,2
-42,-53,2
-42,-54,2
-42,-55,2
-42,-56,2
-42,-57,2
-42,-58,2
-42,-59,2
-42,-60,2
-42,-61,2
-42,-62,2
-42,-63,2
-42,-64,2
-42,-65,2
-42,-66,2
-42,-67,0
-42,-68,0
-42,-69,0
-42,-70,0
-42,-71,0
-42,-72,0
-42,-73,0
-42,-74,0
-42,-75,0
-42,-76,0
-42,-77,0
-42,-78,0
-42,-79,0
-42,-80,0
-42,-81,0
-42,-82,0
-42,-83,0
-42,-84,0
-42,-85,0
-42,-86,0
-42,-87,0
-42,-88,0
-42,-89,0
-42,-90,0
-42,-91,0
-42,-92,0
-42,-93,0
-45,-13,0
-45,-14,0
-45,-15,0
-45,-16,0
-45,-17,0
-45,-18,0
-45,-19,0
-45,-20,0
-45,-21,0
-45,-22,0
-45,-23,0
-45,-24,0
-45,-25,0
-45,-26,0
-45,-27,0
-45,-28,0
-45,-29,0
-45,-30,0
-45,-31,0
-45,-32,0
-45,-33,0
-45,-34,0
-45,-35,0
-45,-36,0
-45,-37,0
-45,-38,0
-45,-39,0
-45,40,7
-45,41,7
-45,42,7
-45,43,7
-45,44,7
-45,46,7
-45,47,7
-45,48,7
-45,-49,2
-45,-50,2
-45,-51,2
-45,-52,2
-45,-53,2
-45,-54,2
-45,-55,2
-45,-56,2
-45,-57,2
-45,-58,2
-45,-59,2
-45,-60,2
-45,-61,2
-45,-62,2
-45,-63,2
-45,-64,2
-45,-65,2
-45,-66,2
-45,-67,0
-45,-68,0
-45,-69,0
-45,-70,0
-45,-71,0
-45,-72,0
-45,-73,0
-45,-74,0
-45,-75,0
-45,-76,0
-45,-77,0
-45,-78,0
-45,-79,0
-45,-80,0
-45,-81,0
-45,-82,0
-45,-83,0
-45,-84,0
-45,-85,0
-45,-86,0
-45,-87,0
-45,-88,0
-45,-89,0
-45,-90,0
-45,-91,0
-45,-92,0
-45,-93,0
-48,-13,0
-48,-14,0
-48,-15,0
-48,-16,0
-48,-17,0
-48,-18,0
-48,-19,0
-48,-20,0
-48,-21,0
-48,-22,0
-48,-23,0
-48,-24,0
-48,-25,0
-48,-26,0
-48,-27,0
-48,-28,0
-48,-29,0
-48,-30,0
-48,-31,0
-48,-32,0
-48,-33,0
-48,-34,0
-48,-35,0
-48,-36,0
-48,-37,0
-48,-38,0
-48,-39,0
-48,40,7
-48,41,7
-48,42,7
-48,43,7
-48,44,7
-48,45,7
-48,46,7
-48,47,7
-48,-49,2
-48,-50,2
-48,-51,2
-48,-52,2
-48,-53,2
-48,-54,2
-48,-55,2
-48,-56,2
-48,-57,2
-48,-58,2
-48,-59,2
-48,-60,2
-48,-61,2
-48,-62,2
-48,-63,2
-48,-64,2
-48,-65,2
-48,-66,2
-48,-67,0
-48,-68,0
-48,-69,0
-48,-70,0
-48,-71,0
-48,-72,0
-48,-73,0
-48,-74,0
-48,-75,0
-48,-76,0
-48,-77,0
-48,-78,0
-48,-79,0
-48,-80,0
-48,-81,0
-48,-82,0
-48,-83,0
-48,-84,0
-48,-85,0
-48,-86,0
-48,-87,0
-48,-88,0
-48,-89,0
-48,-90,0
-48,-91,0
-48,-92,0
-48,-93,0
-49,-13,0
-49,-14,0
-49,-15,0
-49,-16,0
-49,-17,0
-49,-18,0
-49,-19,0
-49,-20,0
-49,-21,0
-49,-22,0
-49,-23,0
-49,-24,0
-49,-25,0
-49,-26,0
-49,-27,0
-49,-28,0
-49,-29,0
-49,-30,0
-49,-31,0
-49,-32,0
-49,-33,0
-49,-34,0
-49,-35,0
-49,-36,0
-49,-37,0
-49,-38,0
-49,-39,0
-49,-40,2
-49,-41,2
-49,-42,2
-49,-43,2
-49,-44,2
-49,-45,2
-49,-46,2
-49,-47,2
-49,-48,2
-49,50,8
-49,51,8
-49,52,8
-49,53,8
-49,54,8
-49,55,8
-49,56,8
-49,57,8
-49,-58,2
-49,-59,2
-49,-60,2
-49,-61,2
-49,-62,2
-49,-63,2
-49,-64,2
-49,-65,2
-49,-66,2
-49,-67,0
-49,-68,0
-49,-69,0
-49,-70,0
-49,-71,0
-49,-72,0
-49,-73,0
-49,-74,0
-49,-75,0
-49,-76,0
-49,-77,0
-49,-78,0
-49,-79,0
-49,-80,0
-49,-81,0
-49,-82,0
-49,-83,0
-49,-84,0
-49,-85,0
-49,-86,0
-49,-87,0
-49,-88,0
-49,-89,0
-49,-90,0
-49,-91,0
-49,-92,0
-49,-93,0
-52,-13,0
-52,-14,0
-52,-15,0
-52,-16,0
-52,-17,0
-52,-18,0
-52,-19,0
-52,-20,0
-52,-21,0
-52,-22,0
-52,-23,0
-52,-24,0
-52,-25,0
-52,-26,0
-52,-27,0
-52,-28,0
-52,-29,0
-52,-30,0
-52,-31,0
-52,-32,0
-52,-33,0
-52,-34,0
-52,-35,0
-52,-36,0
-52,-37,0
-52,-38,0
-52,-39,0
-52,-40,2
-52,-41,2
-52,-42,2
-52,-43,2
-52,-44,2
-52,-45,2
-52,-46,2
-52,-47,2
-52,-48,2
-52,49,8
-52,50,8
-52,51,8
-52,53,8
-52,54,8
-52,55,8
-52,56,8
-52,57,8
-52,-58,2
-52,-59,2
-52,-60,2
-52,-61,2
-52,-62,2
-52,-63,2
-52,-64,2
-52,-65,2
-52,-66,2
-52,-67,0
-52,-68,0
-52,-69,0
-52,-70,0
-52,-71,0
-52,-72,0
-52,-73,0
-52,-74,0
-52,-75,0
-52,-76,0
-52,-77,0
-52,-78,0
-52,-79,0
-52,-80,0
-52,-81,0
-52,-82,0
-52,-83,0
-52,-84,0
-52,-85,0
-52,-86,0
-52,-87,0
-52,-88,0
-52,-89,0
-52,-90,0
-52,-91,0
-52,-92,0
-52,-93,0
-55,-13,0
-55,-14,0
-55,-15,0
-55,-16,0
-55,-17,0
-55,-18,0
-55,-19,0
-55,-20,0
-55,-21,0
-55,-22,0
-55,-23,0
-55,-24,0
-55,-25,0
-55,-26,0
-55,-27,0
-55,-28,0
-55,-29,0
-55,-30,0
-55,-31,0
-55,-32,0
-55,-33,0
-55,-34,0
-55,-35,0
-55,-36,0
-55,-37,0
-55,-38,0
-55,-39,0
-55,-40,2
-55,-41,2
-55,-42,2
-55,-43,2
-55,-44,2
-55,-45,2
-55,-46,2
-55,-47,2
-55,-48,2
-55,49,8
-55,50,8
-55,51,8
-55,52,8
-55,53,8
-55,54,8
-55,56,8
-55,57,8
-55,-58,2
-55,-59,2
-55,-60,2
-55,-61,2
-55,-62,2
-55,-63,2
-55,-64,2
-55,-65,2
-55,-66,2
-55,-67,0
-55,-68,0
-55,-69,0
-55,-70,0
-55,-71,0
-55,-72,0
-55,-73,0
-55,-74,0
-55,-75,0
-55,-76,0
-55,-77,0
-55,-78,0
-55,-79,0
-55,-80,0
-55,-81,0
-55,-82,0
-55,-83,0
-55,-84,0
-55,-85,0
-55,-86,0
-55,-87,0
-55,-88,0
-55,-89,0
-55,-90,0
-55,-91,0
-55,-92,0
-55,-93,0
-50,-13,0
-50,-14,0
-50,-15,0
-50,-16,0
-50,-17,0
-50,-18,0
-50,-19,0
-50,-20,0
-50,-21,0
-50,-22,0
-50,-23,0
-50,-24,0
-50,-25,0
-50,-26,0
-50,-27,0
-50,-28,0
-50,-29,0
-50,-30,0
-50,-31,0
-50,-32,0
-50,-33,0
-50,-34,0
-50,-35,0
-50,-36,0
-50,-37,0
-50,-38,0
-50,-39,0
-50,-40,2
-50,-41,2
-50,-42,2
-50,-43,2
-50,-44,2
-50,-45,2
-50,-46,2
-50,-47,2
-50,-48,2
-50,49,8
-50,51,8
-50,52,8
-50,53,8
-50,54,8
-50,55,8
-50,56,8
-50,57,8
-50,-58,2
-50,-59,2
-50,-60,2
-50,-61,2
-50,-62,2
-50,-63,2
-50,-64,2
-50,-65,2
-50,-66,2
-50,-67,0
-50,-68,0
-50,-69,0
-50,-70,0
-50,-71,0
-50,-72,0
-50,-73,0
-50,-74,0
-50,-75,0
-50,-76,0
-50,-77,0
-50,-78,0
-50,-79,0
-50,-80,0
-50,-81,0
-50,-82,0
-50,-83,0
-50,-84,0
-50,-85,0
-50,-86,0
-50,-87,0
-50,-88,0
-50,-89,0
-50,-90,0
-50,-91,0
-50,-92,0
-50,-93,0
-53,-13,0
-53,-14,0
-53,-15,0
-53,-16,0
-53,-17,0
-53,-18,0
-53,-19,0
-53,-20,0
-53,-21,0
-53,-22,0
-53,-23,0
-53,-24,0
-53,-25,0
-53,-26,0
-53,-27,0
-53,-28,0
-53,-29,0
-53,-30,0
-53,-31,0
-53,-32,0
-53,-33,0
-53,-34,0
-53,-35,0
-53,-36,0
-53,-37,0
-53,-38,0
-53,-39,0
-53,-40,2
-53,-41,2
-53,-42,2
-53,-43,2
-53,-44,2
-53,-45,2
-53,-46,2
-53,-47,2
-53,-48,2
-53,49,8
-53,50,8
-53,51,8
-53,52,8
-53,54,8
-53,55,8
-53,56,8
-53,57,8
-53,-58,2
-53,-59,2
-53,-60,2
-53,-61,2
-53,-62,2
-53,-63,2
-53,-64,2
-53,-65,2
-53,-66,2
-53,-67,0
-53,-68,0
-53,-69,0
-53,-70,0
-53,-71,0
-53,-72,0
-53,-73,0
-53,-74,0
-53,-75,0
-53,-76,0
-53,-77,0
-53,-78,0
-53,-79,0
-53,-80,0
-53,-81,0
-53,-82,0
-53,-83,0
-53,-84,0
-53,-85,0
-53,-86,0
-53,-87,0
-53,-88,0
-53,-89,0
-53,-90,0
-53,-91,0
-53,-92,0
-53,-93,0
-56,-13,0
-56,-14,0
-56,-15,0
-56,-16,0
-56,-17,0
-56,-18,0
-56,-19,0
-56,-20,0
-56,-21,0
-56,-22,0
-56,-23,0
-56,-24,0
-56,-25,0
-56,-26,0
-56,-27,0
-56,-28,0
-56,-29,0
-56,-30,0
-56,-31,0
-56,-32,0
-56,-33,0
-56,-34,0
-56,-35,0
-56,-36,0
-56,-37,0
-56,-38,0
-56,-39,0
-56,-40,2
-56,-41,2
-56,-42,2
-56,-43,2
-56,-44,2
-56,-45,2
-56,-46,2
-56,-47,2
-56,-48,2
-56,49,8
-56,50,8
-56,51,8
-56,52,8
-56,53,8
-56,54,8
-56,55,8
-56,57,8
-56,-58,2
-56,-59,2
-56,-60,2
-56,-61,2
-56,-62,2
-56,-63,2
-56,-64,2
-56,-65,2
-56,-66,2
-56,-67,0
-56,-68,0
-56,-69,0
-56,-70,0
-56,-71,0
-56,-72,0
-56,-73,0
-56,-74,0
-56,-75,0
-56,-76,0
-56,-77,0
-56,-78,0
-56,-79,0
-56,-80,0
-56,-81,0
-56,-82,0
-56,-83,0
-56,-84,0
-56,-85,0
-56,-86,0
-56,-87,0
-56,-88,0
-56,-89,0
-56,-90,0
-56,-91,0
-56,-92,0
-56,-93,0
-51,-13,0
-51,-14,0
-51,-15,0
-51,-16,0
-51,-17,0
-51,-18,0
-51,-19,0
-51,-20,0
-51,-21,0
-51,-22,0
-51,-23,0
-51,-24,0
-51,-25,0
-51,-26,0
-51,-27,0
-51,-28,0
-51,-29,0
-51,-30,0
-51,-31,0
-51,-32,0
-51,-33,0
-51,-34,0
-51,-35,0
-51,-36,0
-51,-37,0
-51,-38,0
-51,-39,0
-51,-40,2
-51,-41,2
-51,-42,2
-51,-43,2
-51,-44,2
-51,-45,2
-51,-46,2
-51,-47,2
-51,-48,2
-51,49,8
-51,50,8
-51,52,8
-51,53,8
-51,54,8
-51,55,8
-51,56,8
-51,57,8
-51,-58,2
-51,-59,2
-51,-60,2
-51,-61,2
-51,-62,2
-51,-63,2
-51,-64,2
-51,-65,2
-51,-66,2
-51,-67,0
-51,-68,0
-51,-69,0
-51,-70,0
-51,-71,0
-51,-72,0
-51,-73,0
-51,-74,0
-51,-75,0
-51,-76,0
-51,-77,0
-51,-78,0
-51,-79,0
-51,-80,0
-51,-81,0
-51,-82,0
-51,-83,0
-51,-84,0
-51,-85,0
-51,-86,0
-51,-87,0
-51,-88,0
-51,-89,0
-51,-90,0
-51,-91,0
-51,-92,0
-51,-93,0
-54,-13,0
-54,-14,0
-54,-15,0
-54,-16,0
-54,-17,0
-54,-18,0
-54,-19,0
-54,-20,0
-54,-21,0
-54,-22,0
-54,-23,0
-54,-24,0
-54,-25,0
-54,-26,0
-54,-27,0
-54,-28,0
-54,-29,0
-54,-30,0
-54,-31,0
-54,-32,0
-54,-33,0
-54,-34,0
-54,-35,0
-54,-36,0
-54,-37,0
-54,-38,0
-54,-39,0
-54,-40,2
-54,-41,2
-54,-42,2
-54,-43,2
-54,-44,2
-54,-45,2
-54,-46,2
-54,-47,2
-54,-48,2
-54,49,8
-54,50,8
-54,51,8
-54,52,8
-54,53,8
-54,55,8
-54,56,8
-54,57,8
-54,-58,2
-54,-59,2
-54,-60,2
-54,-61,2
-54,-62,2
-54,-63,2
-54,-64,2
-54,-65,2
-54,-66,2
-54,-67,0
-54,-68,0
-54,-69,0
-54,-70,0
-54,-71,0
-54,-72,0
-54,-73,0
-54,-74,0
-54,-75,0
-54,-76,0
-54,-77,0
-54,-78,0
-54,-79,0
-54,-80,0
-54,-81,0
-54,-82,0
-54,-83,0
-54,-84,0
-54,-85,0
-54,-86,0
-54,-87,0
-54,-88,0
-54,-89,0
-54,-90,0
-54,-91,0
-54,-92,0
-54,-93,0
-57,-13,0
-57,-14,0
-57,-15,0
-57,-16,0
-57,-17,0
-57,-18,0
-57,-19,0
-57,-20,0
-57,-21,0
-57,-22,0
-57,-23,0
-57,-24,0
-57,-25,0
-57,-26,0
-57,-27,0
-57,-28,0
-57,-29,0
-57,-30,0
-57,-31,0
-57,-32,0
-57,-33,0
-57,-34,0
-57,-35,0
-57,-36,0
-57,-37,0
-57,-38,0
-57,-39,0
-57,-40,2
-57,-41,2
-57,-42,2
-57,-43,2
-57,-44,2
-57,-45,2
-57,-46,2
-57,-47,2
-57,-48,2
-57,49,8
-57,50,8
-57,51,8
-57,52,8
-57,53,8
-57,54,8
-57,55,8
-57,56,8
-57,-58,2
-57,-59,2
-57,-60,2
-57,-61,2
-57,-62,2
-57,-63,2
-57,-64,2
-57,-65,2
-57,-66,2
-57,-67,0
-57,-68,0
-57,-69,0
-57,-70,0
-57,-71,0
-57,-72,0
-57,-73,0
-57,-74,0
-57,-75,0
-57,-76,0
-57,-77,0
-57,-78,0
-57,-79,0
-57,-80,0
-57,-81,0
-57,-82,0
-57,-83,0
-57,-84,0
-57,-85,0
-57,-86,0
-57,-87,0
-57,-88,0
-57,-89,0
-57,-90,0
-57,-91,0
-57,-92,0
-57,-93,0
-58,-13,0
-58,-14,0
-58,-15,0
-58,-16,0
-58,-17,0
-58,-18,0
-58,-19,0
-58,-20,0
-58,-21,0
-58,-22,0
-58,-23,0
-58,-24,0
-58,-25,0
-58,-26,0
-58,-27,0
-58,-28,0
-58,-29,0
-58,-30,0
-58,-31,0
-58,-32,0
-58,-33,0
-58,-34,0
-58,-35,0
-58,-36,0
-58,-37,0
-58,-38,0
-58,-39,0
-58,-40,2
-58,-41,2
-58,-42,2
-58,-43,2
-58,-44,2
-58,-45,2
-58,-46,2
-58,-47,2
-58,-48,2
-58,-49,2
-58,-50,2
-58,-51,2
-58,-52,2
-58,-53,2
-58,-54,2
-58,-55,2
-58,-56,2
-58,-57,2
-58,59,9
-58,60,9
-58,61,9
-58,62,9
-58,63,9
-58,64,9
-58,65,9
-58,66,9
-58,-67,0
-58,-68,0
-58,-69,0
-58,-70,0
-58,-71,0
-58,-72,0
-58,-73,0
-58,-74,0
-58,-75,0
-58,-76,0
-58,-77,0
-58,-78,0
-58,-79,0
-58,-80,0
-58,-81,0
-58,-82,0
-58,-83,0
-58,-84,0
-58,-85,0
-58,-86,0
-58,-87,0
-58,-88,0
-58,-89,0
-58,-90,0
-58,-91,0
-58,-92,0
-58,-93,0
-61,-13,0
-61,-14,0
-61,-15,0
-61,-16,0
-61,-17,0
-61,-18,0
-61,-19,0
-61,-20,0
-61,-21,0
-61,-22,0
-61,-23,0
-61,-24,0
-61,-25,0
-61,-26,0
-61,-27,0
-61,-28,0
-61,-29,0
-61,-30,0
-61,-31,0
-61,-32,0
-61,-33,0
-61,-34,0
-61,-35,0
-61,-36,0
-61,-37,0
-61,-38,0
-61,-39,0
-61,-40,2
-61,-41,2
-61,-42,2
-61,-43,2
-61,-44,2
-61,-45,2
-61,-46,2
-61,-47,2
-61,-48,2
-61,-49,2
-61,-50,2
-61,-51,2
-61,-52,2
-61,-53,2
-61,-54,2
-61,-55,2
-61,-56,2
-61,-57,2
-61,58,9
-61,59,9
-61,60,9
-61,62,9
-61,63,9
-61,64,9
-61,65,9
-61,66,9
-61,-67,0
-61,-68,0
-61,-69,0
-61,-70,0
-61,-71,0
-61,-72,0
-61,-73,0
-61,-74,0
-61,-75,0
-61,-76,0
-61,-77,0
-61,-78,0
-61,-79,0
-61,-80,0
-61,-81,0
-61,-82,0
-61,-83,0
-61,-84,0
-61,-85,0
-61,-86,0
-61,-87,0
-61,-88,0
-61,-89,0
-61,-90,0
-61,-91,0
-61,-92,0
-61,-93,0
-64,-13,0
-64,-14,0
-64,-15,0
-64,-16,0
-64,-17,0
-64,-18,0
-64,-19,0
-64,-20,0
-64,-21,0
-64,-22,0
-64,-23,0
-64,-24,0
-64,-25,0
-64,-26,0
-64,-27,0
-64,-28,0
-64,-29,0
-64,-30,0
-64,-31,0
-64,-32,0
-64,-33,0
-64,-34,0
-64,-35,0
-64,-36,0
-64,-37,0
-64,-38,0
-64,-39,0
-64,-40,2
-64,-41,2
-64,-42,2
-64,-43,2
-64,-44,2
-64,-45,2
-64,-46,2
-64,-47,2
-64,-48,2
-64,-49,2
-64,-50,2
-64,-51,2
-64,-52,2
-64,-53,2
-64,-54,2
-64,-55,2
-64,-56,2
-64,-57,2
-64,58,9
-64,59,9
-64,60,9
-64,61,9
-64,62,9
-64,63,9
-64,65,9
-64,66,9
-64,-67,0
-64,-68,0
-64,-69,0
-64,-70,0
-64,-71,0
-64,-72,0
-64,-73,0
-64,-74,0
-64,-75,0
-64,-76,0
-64,-77,0
-64,-78,0
-64,-79,0
-64,-80,0
-64,-81,0
-64,-82,0
-64,-83,0
-64,-84,0
-64,-85,0
-64,-86,0
-64,-87,0
-64,-88,0
-64,-89,0
-64,-90,0
-64,-91,0
-64,-92,0
-64,-93,0
-59,-13,0
-59,-14,0
-59,-15,0
-59,-16,0
-59,-17,0
-59,-18,0
-59,-19,0
-59,-20,0
-59,-21,0
-59,-22,0
-59,-23,0
-59,-24,0
-59,-25,0
-59,-26,0
-59,-27,0
-59,-28,0
-59,-29,0
-59,-30,0
-59,-31,0
-59,-32,0
-59,-33,0
-59,-34,0
-59,-35,0
-59,-36,0
-59,-37,0
-59,-38,0
-59,-39,0
-59,-40,2
-59,-41,2
-59,-42,2
-59,-43,2
-59,-44,2
-59,-45,2
-59,-46,2
-59,-47,2
-59,-48,2
-59,-49,2
-59,-50,2
-59,-51,2
-59,-52,2
-59,-53,2
-59,-54,2
-59,-55,2
-59,-56,2
-59,-57,2
-59,58,9
-59,60,9
-59,61,9
-59,62,9
-59,63,9
-59,64,9
-59,65,9
-59,66,9
-59,-67,0
-59,-68,0
-59,-69,0
-59,-70,0
-59,-71,0
-59,-72,0
-59,-73,0
-59,-74,0
-59,-75,0
-59,-76,0
-59,-77,0
-59,-78,0
-59,-79,0
-59,-80,0
-59,-81,0
-59,-82,0
-59,-83,0
-59,-84,0
-59,-85,0
-59,-86,0
-59,-87,0
-59,-88,0
-59,-89,0
-59,-90,0
-59,-91,0
-59,-92,0
-59,-93,0
-62,-13,0
-62,-14,0
-62,-15,0
-62,-16,0
-62,-17,0
-62,-18,0
-62,-19,0
-62,-20,0
-62,-21,0
-62,-22,0
-62,-23,0
-62,-24,0
-62,-25,0
-62,-26,0
-62,-27,0
-62,-28,0
-62,-29,0
-62,-30,0
-62,-31,0
-62,-32,0
-62,-33,0
-62,-34,0
-62,-35,0
-62,-36,0
-62,-37,0
-62,-38,0
-62,-39,0
-62,-40,2
-62,-41,2
-62,-42,2
-62,-43,2
-62,-44,2
-62,-45,2
-62,-46,2
-62,-47,2
-62,-48,2
-62,-49,2
-62,-50,2
-62,-51,2
-62,-52,2
-62,-53,2
-62,-54,2
-62,-55,2
-62,-56,2
-62,-57,2
-62,58,9
-62,59,9
-62,60,9
-62,61,9
-62,63,9
-62,64,9
-62,65,9
-62,66,9
-62,-67,0
-62,-68,0
-62,-69,0
-62,-70,0
-62,-71,0
-62,-72,0
-62,-73,0
-62,-74,0
-62,-75,0
-62,-76,0
-62,-77,0
-62,-78,0
-62,-79,0
-62,-80,0
-62,-81,0
-62,-82,0
-62,-83,0
-62,-84,0
-62,-85,0
-62,-86,0
-62,-87,0
-62,-88,0
-62,-89,0
-62,-90,0
-62,-91,0
-62,-92,0
-62,-93,0
-65,-13,0
-65,-14,0
-65,-15,0
-65,-16,0
-65,-17,0
-65,-18,0
-65,-19,0
-65,-20,0
-65,-21,0
-65,-22,0
-65,-23,0
-65,-24,0
-65,-25,0
-65,-26,0
-65,-27,0
-65,-28,0
-65,-29,0
-65,-30,0
-65,-31,0
-65,-32,0
-65,-33,0
-65,-34,0
-65,-35,0
-65,-36,0
-65,-37,0
-65,-38,0
-65,-39,0
-65,-40,2
-65,-41,2
-65,-42,2
-65,-43,2
-65,-44,2
-65,-45,2
-65,-46,2
-65,-47,2
-65,-48,2
-65,-49,2
-65,-50,2
-65,-51,2
-65,-52,2
-65,-53,2
-65,-54,2
-65,-55,2
-65,-56,2
-65,-57,2
-65,58,9
-65,59,9
-65,60,9
-65,61,9
-65,62,9
-65,63,9
-65,64,9
-65,66,9
-65,-67,0
-65,-68,0
-65,-69,0
-65,-70,0
-65,-71,0
-65,-72,0
-65,-73,0
-65,-74,0
-65,-75,0
-65,-76,0
-65,-77,0
-65,-78,0
-65,-79,0
-65,-80,0
-65,-81,0
-65,-82,0
-65,-83,0
-65,-84,0
-65,-85,0
-65,-86,0
-65,-87,0
-65,-88,0
-65,-89,0
-65,-90,0
-65,-91,0
-65,-92,0
-65,-93,0
-60,-13,0
-60,-14,0
-60,-15,0
-60,-16,0
-60,-17,0
-60,-18,0
-60,-19,0
-60,-20,0
-60,-21,0
-60,-22,0
-60,-23,0
-60,-24,0
-60,-25,0
-60,-26,0
-60,-27,0
-60,-28,0
-60,-29,0
-60,-30,0
-60,-31,0
-60,-32,0
-60,-33,0
-60,-34,0
-60,-35,0
-60,-36,0
-60,-37,0
-60,-38,0
-60,-39,0
-60,-40,2
-60,-41,2
-60,-42,2
-60,-43,2
-60,-44,2
-60,-45,2
-60,-46,2
-60,-47,2
-60,-48,2
-60,-49,2
-60,-50,2
-60,-51,2
-60,-52,2
-60,-53,2
-60,-54,2
-60,-55,2
-60,-56,2
-60,-57,2
-60,58,9
-60,59,9
-60,61,9
-60,62,9
-60,63,9
-60,64,9
-60,65,9
-60,66,9
-60,-67,0
-60,-68,0
-60,-69,0
-60,-70,0
-60,-71,0
-60,-72,0
-60,-73,0
-60,-74,0
-60,-75,0
-60,-76,0
-60,-77,0
-60,-78,0
-60,-79,0
-60,-80,0
-60,-81,0
-60,-82,0
-60,-83,0
-60,-84,0
-60,-85,0
-60,-86,0
-60,-87,0
-60,-88,0
-60,-89,0
-60,-90,0
-60,-91,0
-60,-92,0
-60,-93,0
-63,-13,0
-63,-14,0
-63,-15,0
-63,-16,0
-63,-17,0
-63,-18,0
-63,-19,0
-63,-20,0
-63,-21,0
-63,-22,0
-63,-23,0
-63,-24,0
-63,-25,0
-63,-26,0
-63,-27,0
-63,-28,0
-63,-29,0
-63,-30,0
-63,-31,0
-63,-32,0
-63,-33,0
-63,-34,0
-63,-35,0
-63,-36,0
-63,-37,0
-63,-38,0
-63,-39,0
-63,-40,2
-63,-41,2
-63,-42,2
-63,-43,2
-63,-44,2
-63,-45,2
-63,-46,2
-63,-47,2
-63,-48,2
-63,-49,2
-63,-50,2
-63,-51,2
-63,-52,2
-63,-53,2
-63,-54,2
-63,-55,2
-63,-56,2
-63,-57,2
-63,58,9
-63,59,9
-63,60,9
-63,61,9
-63,62,9
-63,64,9
-63,65,9
-63,66,9
-63,-67,0
-63,-68,0
-63,-69,0
-63,-70,0
-63,-71,0
-63,-72,0
-63,-73,0
-63,-74,0
-63,-75,0
-63,-76,0
-63,-77,0
-63,-78,0
-63,-79,0
-63,-80,0
-63,-81,0
-63,-82,0
-63,-83,0
-63,-84,0
-63,-85,0
-63,-86,0
-63,-87,0
-63,-88,0
-63,-89,0
-63,-90,0
-63,-91,0
-63,-92,0
-63,-93,0
-66,-13,0
-66,-14,0
-66,-15,0
-66,-16,0
-66,-17,0
-66,-18,0
-66,-19,0
-66,-20,0
-66,-21,0
-66,-22,0
-66,-23,0
-66,-24,0
-66,-25,0
-66,-26,0
-66,-27,0
-66,-28,0
-66,-29,0
-66,-30,0
-66,-31,0
-66,-32,0
-66,-33,0
-66,-34,0
-66,-35,0
-66,-36,0
-66,-37,0
-66,-38,0
-66,-39,0
-66,-40,2
-66,-41,2
-66,-42,2
-66,-43,2
-66,-44,2
-66,-45,2
-66,-46,2
-66,-47,2
-66,-48,2
-66,-49,2
-66,-50,2
-66,-51,2
-66,-52,2
-66,-53,2
-66,-54,2
-66,-55,2
-66,-56,2
-66,-57,2
-66,58,9
-66,59,9
-66,60,9
-66,61,9
-66,62,9
-66,63,9
-66,64,9
-66,65,9
-66,-67,0
-66,-68,0
-66,-69,0
-66,-70,0
-66,-71,0
-66,-72,0
-66,-73,0
-66,-74,0
-66,-75,0
-66,-76,0
-66,-77,0
-66,-78,0
-66,-79,0
-66,-80,0
-66,-81,0
-66,-82,0
-66,-83,0
-66,-84,0
-66,-85,0
-66,-86,0
-66,-87,0
-66,-88,0
-66,-89,0
-66,-90,0
-66,-91,0
-66,-92,0
-66,-93,0
-67,-13,0
-67,-14,0
-67,-15,0
-67,-16,0
-67,-17,0
-67,-18,0
-67,-19,0
-67,-20,0
-67,-21,0
-67,-22,0
-67,-23,0
-67,-24,0
-67,-25,0
-67,-26,0
-67,-27,0
-67,-28,0
-67,-29,0
-67,-30,0
-67,-31,0
-67,-32,0
-67,-33,0
-67,-34,0
-67,-35,0
-67,-36,0
-67,-37,0
-67,-38,0
-67,-39,0
-67,-40,0
-67,-41,0
-67,-42,0
-67,-43,0
-67,-44,0
-67,-45,0
-67,-46,0
-67,-47,0
-67,-48,0
-67,-49,0
-67,-50,0
-67,-51,0
-67,-52,0
-67,-53,0
-67,-54,0
-67,-55,0
-67,-56,0
-67,-57,0
-67,-58,0
-67,-59,0
-67,-60,0
-67,-61,0
-67,-62,0
-67,-63,0
-67,-64,0
-67,-65,0
-67,-66,0
-67,68,10
-67,69,10
-67,70,10
-67,71,10
-67,72,10
-67,73,10
-67,74,10
-67,75,10
-67,-76,3
-67,-77,3
-67,-78,3
-67,-79,3
-67,-80,3
-67,-81,3
-67,-82,3
-67,-83,3
-67,-84,3
-67,-85,3
-67,-86,3
-67,-87,3
-67,-88,3
-67,-89,3
-67,-90,3
-67,-91,3
-67,-92,3
-67,-93,3
-70,-13,0
-70,-14,0
-70,-15,0
-70,-16,0
-70,-17,0
-70,-18,0
-70,-19,0
-70,-20,0
-70,-21,0
-70,-22,0
-70,-23,0
-70,-24,0
-70,-25,0
-70,-26,0
-70,-27,0
-70,-28,0
-70,-29,0
-70,-30,0
-70,-31,0
-70,-32,0
-70,-33,0
-70,-34,0
-70,-35,0
-70,-36,0
-70,-37,0
-70,-38,0
-70,-39,0
-70,-40,0
-70,-41,0
-70,-42,0
-70,-43,0
-70,-44,0
-70,-45,0
-70,-46,0
-70,-47,0
-70,-48,0
-70,-49,0
-70,-50,0
-70,-51,0
-70,-52,0
-70,-53,0
-70,-54,0
-70,-55,0
-70,-56,0
-70,-57,0
-70,-58,0
-70,-59,0
-70,-60,0
-70,-61,0
-70,-62,0
-70,-63,0
-70,-64,0
-70,-65,0
-70,-66,0
-70,67,10
-70,68,10
-70,69,10
-70,71,10
-70,72,10
-70,73,10
-70,74,10
-70,75,10
-70,-76,3
-70,-77,3
-70,-78,3
-70,-79,3
-70,-80,3
-70,-81,3
-70,-82,3
-70,-83,3
-70,-84,3
-70,-85,3
-70,-86,3
-70,-87,3
-70,-88,3
-70,-89,3
-70,-90,3
-70,-91,3
-70,-92,3
-70,-93,3
-73,-13,0
-73,-14,0
-73,-15,0
-73,-16,0
-73,-17,0
-73,-18,0
-73,-19,0
-73,-20,0
-73,-21,0
-73,-22,0
-73,-23,0
-73,-24,0
-73,-25,0
-73,-26,0
-73,-27,0
-73,-28,0
-73,-29,0
-73,-30,0
-73,-31,0
-73,-32,0
-73,-33,0
-73,-34,0
-73,-35,0
-73,-36,0
-73,-37,0
-73,-38,0
-73,-39,0
-73,-40,0
-73,-41,0
-73,-42,0
-73,-43,0
-73,-44,0
-73,-45,0
-73,-46,0
-73,-47,0
-73,-48,0
-73,-49,0
-73,-50,0
-73,-51,0
-73,-52,0
-73,-53,0
-73,-54,0
-73,-55,0
-73,-56,0
-73,-57,0
-73,-58,0
-73,-59,0
-73,-60,0
-73,-61,0
-73,-62,0
-73,-63,0
-73,-64,0
-73,-65,0
-73,-66,0
-73,67,10
-73,68,10
-73,69,10
-73,70,10
-73,71,10
-73,72,10
-73,74,10
-73,75,10
-73,-76,3
-73,-77,3
-73,-78,3
-73,-79,3
-73,-80,3
-73,-81,3
-73,-82,3
-73,-83,3
-73,-84,3
-73,-85,3
-73,-86,3
-73,-87,3
-73,-88,3
-73,-89,3
-73,-90,3
-73,-91,3
-73,-92,3
-73,-93,3
-68,-13,0
-68,-14,0
-68,-15,0
-68,-16,0
-68,-17,0
-68,-18,0
-68,-19,0
-68,-20,0
-68,-21,0
-68,-22,0
-68,-23,0
-68,-24,0
-68,-25,0
-68,-26,0
-68,-27,0
-68,-28,0
-68,-29,0
-68,-30,0
-68,-31,0
-68,-32,0
-68,-33,0
-68,-34,0
-68,-35,0
-68,-36,0
-68,-37,0
-68,-38,0
-68,-39,0
-68,-40,0
-68,-41,0
-68,-42,0
-68,-43,0
-68,-44,0
-68,-45,0
-68,-46,0
-68,-47,0
-68,-48,0
-68,-49,0
-68,-50,0
-68,-51,0
-68,-52,0
-68,-53,0
-68,-54,0
-68,-55,0
-68,-56,0
-68,-57,0
-68,-58,0
-68,-59,0
-68,-60,0
-68,-61,0
-68,-62,0
-68,-63,0
-68,-64,0
-68,-65,0
-68,-66,0
-68,67,10
-68,69,10
-68,70,10
-68,71,10
-68,72,10
-68,73,10
-68,74,10
-68,75,10
-68,-76,3
-68,-77,3
-68,-78,3
-68,-79,3
-68,-80,3
-68,-81,3
-68,-82,3
-68,-83,3
-68,-84,3
-68,-85,3
-68,-86,3
-68,-87,3
-68,-88,3
-68,-89,3
-68,-90,3
-68,-91,3
-68,-92,3
-68,-93,3
-71,-13,0
-71,-14,0
-71,-15,0
-71,-16,0
-71,-17,0
-71,-18,0
-71,-19,0
-71,-20,0
-71,-21,0
-71,-22,0
-71,-23,0
-71,-24,0
-71,-25,0
-71,-26,0
-71,-27,0
-71,-28,0
-71,-29,0
-71,-30,0
-71,-31,0
-71,-32,0
-71,-33,0
-71,-34,0
-71,-35,0
-71,-36,0
-71,-37,0
-71,-38,0
-71,-39,0
-71,-40,0
-71,-41,0
-71,-42,0
-71,-43,0
-71,-44,0
-71,-45,0
-71,-46,0
-71,-47,0
-71,-48,0
-71,-49,0
-71,-50,0
-71,-51,0
-71,-52,0
-71,-53,0
-71,-54,0
-71,-55,0
-71,-56,0
-71,-57,0
-71,-58,0
-71,-59,0
-71,-60,0
-71,-61,0
-71,-62,0
-71,-63,0
-71,-64,0
-71,-65,0
-71,-66,0
-71,67,10
-71,68,10
-71,69,10
-71,70,10
-71,72,10
-71,73,10
-71,74,10
-71,75,10
-71,-76,3
-71,-77,3
-71,-78,3
-71,-79,3
-71,-80,3
-71,-81,3
-71,-82,3
-71,-83,3
-71,-84,3
-71,-85,3
-71,-86,3
-71,-87,3
-71,-88,3
-71,-89,3
-71,-90,3
-71,-91,3
-71,-92,3
-71,-93,3
-74,-13,0
-74,-14,0
-74,-15,0
-74,-16,0
-74,-17,0
-74,-18,0
-74,-19,0
-74,-20,0
-74,-21,0
-74,-22,0
-74,-23,0
-74,-24,0
-74,-25,0
-74,-26,0
-74,-27,0
-74,-28,0
-74,-29,0
-74,-30,0
-74,-31,0
-74,-32,0
-74,-33,0
-74,-34,0
-74,-35,0
-74,-36,0
-74,-37,0
-74,-38,0
-74,-39,0
-74,-40,0
-74,-41,0
-74,-42,0
-74,-43,0
-74,-44,0
-74,-45,0
-74,-46,0
-74,-47,0
-74,-48,0
-74,-49,0
-74,-50,0
-74,-51,0
-74,-52,0
-74,-53,0
-74,-54,0
-74,-55,0
-74,-56,0
-74,-57,0
-74,-58,0
-74,-59,0
-74,-60,0
-74,-61,0
-74,-62,0
-74,-63,0
-74,-64,0
-74,-65,0
-74,-66,0
-74,67,10
-74,68,10
-74,69,10
-74,70,10
-74,71,10
-74,72,10
-74,73,10
-74,75,10
-74,-76,3
-74,-77,3
-74,-78,3
-74,-79,3
-74,-80,3
-74,-81,3
-74,-82,3
-74,-83,3
-74,-84,3
-74,-85,3
-74,-86,3
-74,-87,3
-74,-88,3
-74,-89,3
-74,-90,3
-74,-91,3
-74,-92,3
-74,-93,3
-69,-13,0
-69,-14,0
-69,-15,0
-69,-16,0
-69,-17,0
-69,-18,0
-69,-19,0
-69,-20,0
-69,-21,0
-69,-22,0
-69,-23,0
-69,-24,0
-69,-25,0
-69,-26,0
-69,-27,0
-69,-28,0
-69,-29,0
-69,-30,0
-69,-31,0
-69,-32,0
-69,-33,0
-69,-34,0
-69,-35,0
-69,-36,0
-69,-37,0
-69,-38,0
-69,-39,0
-69,-40,0
-69,-41,0
-69,-42,0
-69,-43,0
-69,-44,0
-69,-45,0
-69,-46,0
-69,-47,0
-69,-48,0
-69,-49,0
-69,-50,0
-69,-51,0
-69,-52,0
-69,-53,0
-69,-54,0
-69,-55,0
-69,-56,0
-69,-57,0
-69,-58,0
-69,-59,0
-69,-60,0
-69,-61,0
-69,-62,0
-69,-63,0
-69,-64,0
-69,-65,0
-69,-66,0
-69,67,10
-69,68,10
-69,70,10
-69,71,10
-69,72,10
-69,73,10
-69,74,10
-69,75,10
-69,-76,3
-69,-77,3
-69,-78,3
-69,-79,3
-69,-80,3
-69,-81,3
-69,-82,3
-69,-83,3
-69,-84,3
-69,-85,3
-69,-86,3
-69,-87,3
-69,-88,3
-69,-89,3
-69,-90,3
-69,-91,3
-69,-92,3
-69,-93,3
-72,-13,0
-72,-14,0
-72,-15,0
-72,-16,0
-72,-17,0
-72,-18,0
-72,-19,0
-72,-20,0
-72,-21,0
-72,-22,0
-72,-23,0
-72,-24,0
-72,-25,0
-72,-26,0
-72,-27,0
-72,-28,0
-72,-29,0
-72,-30,0
-72,-31,0
-72,-32,0
-72,-33,0
-72,-34,0
-72,-35,0
-72,-36,0
-72,-37,0
-72,-38,0
-72,-39,0
-72,-40,0
-72,-41,0
-72,-42,0
-72,-43,0
-72,-44,0
-72,-45,0
-72,-46,0
-72,-47,0
-72,-48,0
-72,-49,0
-72,-50,0
-72,-51,0
-72,-52,0
-72,-53,0
-72,-54,0
-72,-55,0
-72,-56,0
-72,-57,0
-72,-58,0
-72,-59,0
-72,-60,0
-72,-61,0
-72,-62,0
-72,-63,0
-72,-64,0
-72,-65,0
-72,-66,0
-72,67,10
-72,68,10
-72,69,10
-72,70,10
-72,71,10
-72,73,10
-72,74,10
-72,75,10
-72,-76,3
-72,-77,3
-72,-78,3
-72,-79,3
-72,-80,3
-72,-81,3
-72,-82,3
-72,-83,3
-72,-84,3
-72,-85,3
-72,-86,3
-72,-87,3
-72,-88,3
-72,-89,3
-72,-90,3
-72,-91,3
-72,-92,3
-72,-93,3
-75,-13,0
-75,-14,0
-75,-15,0
-75,-16,0
-75,-17,0
-75,-18,0
-75,-19,0
-75,-20,0
-75,-21,0
-75,-22,0
-75,-23,0
-75,-24,0
-75,-25,0
-75,-26,0
-75,-27,0
-75,-28,0
-75,-29,0
-75,-30,0
-75,-31,0
-75,-32,0
-75,-33,0
-75,-34,0
-75,-35,0
-75,-36,0
-75,-37,0
-75,-38,0
-75,-39,0
-75,-40,0
-75,-41,0
-75,-42,0
-75,-43,0
-75,-44,0
-75,-45,0
-75,-46,0
-75,-47,0
-75,-48,0
-75,-49,0
-75,-50,0
-75,-51,0
-75,-52,0
-75,-53,0
-75,-54,0
-75,-55,0
-75,-56,0
-75,-57,0
-75,-58,0
-75,-59,0
-75,-60,0
-75,-61,0
-75,-62,0
-75,-63,0
-75,-64,0
-75,-65,0
-75,-66,0
-75,67,10
-75,68,10
-75,69,10
-75,70,10
-75,71,10
-75,72,10
-75,73,10
-75,74,10
-75,-76,3
-75,-77,3
-75,-78,3
-75,-79,3
-75,-80,3
-75,-81,3
-75,-82,3
-75,-83,3
-75,-84,3
-75,-85,3
-75,-86,3
-75,-87,3
-75,-88,3
-75,-89,3
-75,-90,3
-75,-91,3
-75,-92,3
-75,-93,3
-76,-13,0
-76,-14,0
-76,-15,0
-76,-16,0
-76,-17,0
-76,-18,0
-76,-19,0
-76,-20,0
-76,-21,0
-76,-22,0
-76,-23,0
-76,-24,0
-76,-25,0
-76,-26,0
-76,-27,0
-76,-28,0
-76,-29,0
-76,-30,0
-76,-31,0
-76,-32,0
-76,-33,0
-76,-34,0
-76,-35,0
-76,-36,0
-76,-37,0
-76,-38,0
-76,-39,0
-76,-40,0
-76,-41,0
-76,-42,0
-76,-43,0
-76,-44,0
-76,-45,0
-76,-46,0
-76,-47,0
-76,-48,0
-76,-49,0
-76,-50,0
-76,-51,0
-76,-52,0
-76,-53,0
-76,-54,0
-76,-55,0
-76,-56,0
-76,-57,0
-76,-58,0
-76,-59,0
-76,-60,0
-76,-61,0
-76,-62,0
-76,-63,0
-76,-64,0
-76,-65,0
-76,-66,0
-76,-67,3
-76,-68,3
-76,-69,3
-76,-70,3
-76,-71,3
-76,-72,3
-76,-73,3
-76,-74,3
-76,-75,3
-76,77,11
-76,78,11
-76,79,11
-76,80,11
-76,81,11
-76,82,11
-76,83,11
-76,84,11
-76,-85,3
-76,-86,3
-76,-87,3
-76,-88,3
-76,-89,3
-76,-90,3
-76,-91,3
-76,-92,3
-76,-93,3
-79,-13,0
-79,-14,0
-79,-15,0
-79,-16,0
-79,-17,0
-79,-18,0
-79,-19,0
-79,-20,0
-79,-21,0
-79,-22,0
-79,-23,0
-79,-24,0
-79,-25,0
-79,-26,0
-79,-27,0
-79,-28,0
-79,-29,0
-79,-30,0
-79,-31,0
-79,-32,0
-79,-33,0
-79,-34,0
-79,-35,0
-79,-36,0
-79,-37,0
-79,-38,0
-79,-39,0
-79,-40,0
-79,-41,0
-79,-42,0
-79,-43,0
-79,-44,0
-79,-45,0
-79,-46,0
-79,-47,0
-79,-48,0
-79,-49,0
-79,-50,0
-79,-51,0
-79,-52,0
-79,-53,0
-79,-54,0
-79,-55,0
-79,-56,0
-79,-57,0
-79,-58,0
-79,-59,0
-79,-60,0
-79,-61,0
-79,-62,0
-79,-63,0
-79,-64,0
-79,-65,0
-79,-66,0
-79,-67,3
-79,-68,3
-79,-69,3
-79,-70,3
-79,-71,3
-79,-72,3
-79,-73,3
-79,-74,3
-79,-75,3
-79,76,11
-79,77,11
-79,78,11
-79,80,11
-79,81,11
-79,82,11
-79,83,11
-79,84,11
-79,-85,3
-79,-86,3
-79,-87,3
-79,-88,3
-79,-89,3
-79,-90,3
-79,-91,3
-79,-92,3
-79,-93,3
-82,-13,0
-82,-14,0
-82,-15,0
-82,-16,0
-82,-17,0
-82,-18,0
-82,-19,0
-82,-20,0
-82,-21,0
-82,-22,0
-82,-23,0
-82,-24,0
-82,-25,0
-82,-26,0
-82,-27,0
-82,-28,0
-82,-29,0
-82,-30,0
-82,-31,0
-82,-32,0
-82,-33,0
-82,-34,0
-82,-35,0
-82,-36,0
-82,-37,0
-82,-38,0
-82,-39,0
-82,-40,0
-82,-41,0
-82,-42,0
-82,-43,0
-82,-44,0
-82,-45,0
-82,-46,0
-82,-47,0
-82,-48,0
-82,-49,0
-82,-50,0
-82,-51,0
-82,-52,0
-82,-53,0
-82,-54,0
-82,-55,0
-82,-56,0
-82,-57,0
-82,-58,0
-82,-59,0
-82,-60,0
-82,-61,0
-82,-62,0
-82,-63,0
-82,-64,0
-82,-65,0
-82,-66,0
-82,-67,3
-82,-68,3
-82,-69,3
-82,-70,3
-82,-71,3
-82,-72,3
-82,-73,3
-82,-74,3
-82,-75,3
-82,76,11
-82,77,11
-82,78,11
-82,79,11
-82,80,11
-82,81,11
-82,83,11
-82,84,11
-82,-85,3
-82,-86,3
-82,-87,3
-82,-88,3
-82,-89,3
-82,-90,3
-82,-91,3
-82,-92,3
-82,-93,3
-77,-13,0
-77,-14,0
-77,-15,0
-77,-16,0
-77,-17,0
-77,-18,0
-77,-19,0
-77,-20,0
-77,-21,0
-77,-22,0
-77,-23,0
-77,-24,0
-77,-25,0
-77,-26,0
-77,-27,0
-77,-28,0
-77,-29,0
-77,-30,0
-77,-31,0
-77,-32,0
-77,-33,0
-77,-34,0
-77,-35,0
-77,-36,0
-77,-37,0
-77,-38,0
-77,-39,0
-77,-40,0
-77,-41,0
-77,-42,0
-77,-43,0
-77,-44,0
-77,-45,0
-77,-46,0
-77,-47,0
-77,-48,0
-77,-49,0
-77,-50,0
-77,-51,0
-77,-52,0
-77,-53,0
-77,-54,0
-77,-55,0
-77,-56,0
-77,-57,0
-77,-58,0
-77,-59,0
-77,-60,0
-77,-61,0
-77,-62,0
-77,-63,0
-77,-64,0
-77,-65,0
-77,-66,0
-77,-67,3
-77,-68,3
-77,-69,3
-77,-70,3
-77,-71,3
-77,-72,3
-77,-73,3
-77,-74,3
-77,-75,3
-77,76,11
-77,78,11
-77,79,11
-77,80,11
-77,81,11
-77,82,11
-77,83,11
-77,84,11
-77,-85,3
-77,-86,3
-77,-87,3
-77,-88,3
-77,-89,3
-77,-90,3
-77,-91,3
-77,-92,3
-77,-93,3
-80,-13,0
-80,-14,0
-80,-15,0
-80,-16,0
-80,-17,0
-80,-18,0
-80,-19,0
-80,-20,0
-80,-21,0
-80,-22,0
-80,-23,0
-80,-24,0
-80,-25,0
-80,-26,0
-80,-27,0
-80,-28,0
-80,-29,0
-80,-30,0
-80,-31,0
-80,-32,0
-80,-33,0
-80,-34,0
-80,-35,0
-80,-36,0
-80,-37,0
-80,-38,0
-80,-39,0
-80,-40,0
-80,-41,0
-80,-42,0
-80,-43,0
-80,-44,0
-80,-45,0
-80,-46,0
-80,-47,0
-80,-48,0
-80,-49,0
-80,-50,0
-80,-51,0
-80,-52,0
-80,-53,0
-80,-54,0
-80,-55,0
-80,-56,0
-80,-57,0
-80,-58,0
-80,-59,0
-80,-60,0
-80,-61,0
-80,-62,0
-80,-63,0
-80,-64,0
-80,-65,0
-80,-66,0
-80,-67,3
-80,-68,3
-80,-69,3
-80,-70,3
-80,-71,3
-80,-72,3
-80,-73,3
-80,-74,3
-80,-75,3
-80,76,11
-80,77,11
-80,78,11
-80,79,11
-80,81,11
-80,82,11
-80,83,11
-80,84,11
-80,-85,3
-80,-86,3
-80,-87,3
-80,-88,3
-80,-89,3
-80,-90,3
-80,-91,3
-80,-92,3
-80,-93,3
-83,-13,0
-83,-14,0
-83,-15,0
-83,-16,0
-83,-17,0
-83,-18,0
-83,-19,0
-83,-20,0
-83,-21,0
-83,-22,0
-83,-23,0
-83,-24,0
-83,-25,0
-83,-26,0
-83,-27,0
-83,-28,0
-83,-29,0
-83,-30,0
-83,-31,0
-83,-32,0
-83,-33,0
-83,-34,0
-83,-35,0
-83,-36,0
-83,-37,0
-83,-38,0
-83,-39,0
-83,-40,0
-83,-41,0
-83,-42,0
-83,-43,0
-83,-44,0
-83,-45,0
-83,-46,0
-83,-47,0
-83,-48,0
-83,-49,0
-83,-50,0
-83,-51,0
-83,-52,0
-83,-53,0
-83,-54,0
-83,-55,0
-83,-56,0
-83,-57,0
-83,-58,0
-83,-59,0
-83,-60,0
-83,-61,0
-83,-62,0
-83,-63,0
-83,-64,0
-83,-65,0
-83,-66,0
-83,-67,3
-83,-68,3
-83,-69,3
-83,-70,3
-83,-71,3
-83,-72,3
-83,-73,3
-83,-74,3
-83,-75,3
-83,76,11
-83,77,11
-83,78,11
-83,79,11
-83,80,11
-83,81,11
-83,82,11
-83,84,11
-83,-85,3
-83,-86,3
-83,-87,3
-83,-88,3
-83,-89,3
-83,-90,3
-83,-91,3
-83,-92,3
-83,-93,3
-78,-13,0
-78,-14,0
-78,-15,0
-78,-16,0
-78,-17,0
-78,-18,0
-78,-19,0
-78,-20,0
-78,-21,0
-78,-22,0
-78,-23,0
-78,-24,0
-78,-25,0
-78,-26,0
-78,-27,0
-78,-28,0
-78,-29,0
-78,-30,0
-78,-31,0
-78,-32,0
-78,-33,0
-78,-34,0
-78,-35,0
-78,-36,0
-78,-37,0
-78,-38,0
-78,-39,0
-78,-40,0
-78,-41,0
-78,-42,0
-78,-43,0
-78,-44,0
-78,-45,0
-78,-46,0
-78,-47,0
-78,-48,0
-78,-49,0
-78,-50,0
-78,-51,0
-78,-52,0
-78,-53,0
-78,-54,0
-78,-55,0
-78,-56,0
-78,-57,0
-78,-58,0
-78,-59,0
-78,-60,0
-78,-61,0
-78,-62,0
-78,-63,0
-78,-64,0
-78,-65,0
-78,-66,0
-78,-67,3
-78,-68,3
-78,-69,3
-78,-70,3
-78,-71,3
-78,-72,3
-78,-73,3
-78,-74,3
-78,-75,3
-78,76,11
-78,77,11
-78,79,11
-78,80,11
-78,81,11
-78,82,11
-78,83,11
-78,84,11
-78,-85,3
-78,-86,3
-78,-87,3
-78,-88,3
-78,-89,3
-78,-90,3
-78,-91,3
-78,-92,3
-78,-93,3
-81,-13,0
-81,-14,0
-81,-15,0
-81,-16,0
-81,-17,0
-81,-18,0
-81,-19,0
-81,-20,0
-81,-21,0
-81,-22,0
-81,-23,0
-81,-24,0
-81,-25,0
-81,-26,0
-81,-27,0
-81,-28,0
-81,-29,0
-81,-30,0
-81,-31,0
-81,-32,0
-81,-33,0
-81,-34,0
-81,-35,0
-81,-36,0
-81,-37,0
-81,-38,0
-81,-39,0
-81,-40,0
-81,-41,0
-81,-42,0
-81,-43,0
-81,-44,0
-81,-45,0
-81,-46,0
-81,-47,0
-81,-48,0
-81,-49,0
-81,-50,0
-81,-51,0
-81,-52,0
-81,-53,0
-81,-54,0
-81,-55,0
-81,-56,0
-81,-57,0
-81,-58,0
-81,-59,0
-81,-60,0
-81,-61,0
-81,-62,0
-81,-63,0
-81,-64,0
-81,-65,0
-81,-66,0
-81,-67,3
-81,-68,3
-81,-69,3
-81,-70,3
-81,-71,3
-81,-72,3
-81,-73,3
-81,-74,3
-81,-75,3
-81,76,11
-81,77,11
-81,78,11
-81,79,11
-81,80,11
-81,82,11
-81,83,11
-81,84,11
-81,-85,3
-81,-86,3
-81,-87,3
-81,-88,3
-81,-89,3
-81,-90,3
-81,-91,3
-81,-92,3
-81,-93,3
-84,-13,0
-84,-14,0
-84,-15,0
-84,-16,0
-84,-17,0
-84,-18,0
-84,-19,0
-84,-20,0
-84,-21,0
-84,-22,0
-84,-23,0
-84,-24,0
-84,-25,0
-84,-26,0
-84,-27,0
-84,-28,0
-84,-29,0
-84,-30,0
-84,-31,0
-84,-32,0
-84,-33,0
-84,-34,0
-84,-35,0
-84,-36,0
-84,-37,0
-84,-38,0
-84,-39,0
-84,-40,0
-84,-41,0
-84,-42,0
-84,-43,0
-84,-44,0
-84,-45,0
-84,-46,0
-84,-47,0
-84,-48,0
-84,-49,0
-84,-50,0
-84,-51,0
-84,-52,0
-84,-53,0
-84,-54,0
-84,-55,0
-84,-56,0
-84,-57,0
-84,-58,0
-84,-59,0
-84,-60,0
-84,-61,0
-84,-62,0
-84,-63,0
-84,-64,0
-84,-65,0
-84,-66,0
-84,-67,3
-84,-68,3
-84,-69,3
-84,-70,3
-84,-71,3
-84,-72,3
-84,-73,3
-84,-74,3
-84,-75,3
-84,76,11
-84,77,11
-84,78,11
-84,79,11
-84,80,11
-84,81,11
-84,82,11
-84,83,11
-84,-85,3
-84,-86,3
-84,-87,3
-84,-88,3
-84,-89,3
-84,-90,3
-84,-91,3
-84,-92,3
-84,-93,3
-85,-13,0
-85,-14,0
-85,-15,0
-85,-16,0
-85,-17,0
-85,-18,0
-85,-19,0
-85,-20,0
-85,-21,0
-85,-22,0
-85,-23,0
-85,-24,0
-85,-25,0
-85,-26,0
-85,-27,0
-85,-28,0
-85,-29,0
-85,-30,0
-85,-31,0
-85,-32,0
-85,-33,0
-85,-34,0
-85,-35,0
-85,-36,0
-85,-37,0
-85,-38,0
-85,-39,0
-85,-40,0
-85,-41,0
-85,-42,0
-85,-43,0
-85,-44,0
-85,-45,0
-85,-46,0
-85,-47,0
-85,-48,0
-85,-49,0
-85,-50,0
-85,-51,0
-85,-52,0
-85,-53,0
-85,-54,0
-85,-55,0
-85,-56,0
-85,-57,0
-85,-58,0
-85,-59,0
-85,-60,0
-85,-61,0
-85,-62,0
-85,-63,0
-85,-64,0
-85,-65,0
-85,-66,0
-85,-67,3
-85,-68,3
-85,-69,3
-85,-70,3
-85,-71,3
-85,-72,3
-85,-73,3
-85,-74,3
-85,-75,3
-85,-76,3
-85,-77,3
-85,-78,3
-85,-79,3
-85,-80,3
-85,-81,3
-85,-82,3
-85,-83,3
-85,-84,3
-85,86,12
-85,87,12
-85,88,12
-85,89,12
-85,90,12
-85,91,12
-85,92,12
-85,93,12
-88,-13,0
-88,-14,0
-88,-15,0
-88,-16,0
-88,-17,0
-88,-18,0
-88,-19,0
-88,-20,0
-88,-21,0
-88,-22,0
-88,-23,0
-88,-24,0
-88,-25,0
-88,-26,0
-88,-27,0
-88,-28,0
-88,-29,0
-88,-30,0
-88,-31,0
-88,-32,0
-88,-33,0
-88,-34,0
-88,-35,0
-88,-36,0
-88,-37,0
-88,-38,0
-88,-39,0
-88,-40,0
-88,-41,0
-88,-42,0
-88,-43,0
-88,-44,0
-88,-45,0
-88,-46,0
-88,-47,0
-88,-48,0
-88,-49,0
-88,-50,0
-88,-51,0
-88,-52,0
-88,-53,0
-88,-54,0
-88,-55,0
-88,-56,0
-88,-57,0
-88,-58,0
-88,-59,0
-88,-60,0
-88,-61,0
-88,-62,0
-88,-63,0
-88,-64,0
-88,-65,0
-88,-66,0
-88,-67,3
-88,-68,3
-88,-69,3
-88,-70,3
-88,-71,3
-88,-72,3
-88,-73,3
-88,-74,3
-88,-75,3
-88,-76,3
-88,-77,3
-88,-78,3
-88,-79,3
-88,-80,3
-88,-81,3
-88,-82,3
-88,-83,3
-88,-84,3
-88,85,12
-88,86,12
-88,87,12
-88,89,12
-88,90,12
-88,91,12
-88,92,12
-88,93,12
-91,-13,0
-91,-14,0
-91,-15,0
-91,-16,0
-91,-17,0
-91,-18,0
-91,-19,0
-91,-20,0
-91,-21,0
-91,-22,0
-91,-23,0
-91,-24,0
-91,-25,0
-91,-26,0
-91,-27,0
-91,-28,0
-91,-29,0
-91,-30,0
-91,-31,0
-91,-32,0
-91,-33,0
-91,-34,0
-91,-35,0
-91,-36,0
-91,-37,0
-91,-38,0
-91,-39,0
-91,-40,0
-91,-41,0
-91,-42,0
-91,-43,0
-91,-44,0
-91,-45,0
-91,-46,0
-91,-47,0
-91,-48,0
-91,-49,0
-91,-50,0
-91,-51,0
-91,-52,0
-91,-53,0
-91,-54,0
-91,-55,0
-91,-56,0
-91,-57,0
-91,-58,0
-91,-59,0
-91,-60,0
-91,-61,0
-91,-62,0
-91,-63,0
-91,-64,0
-91,-65,0
-91,-66,0
-91,-67,3
-91,-68,3
-91,-69,3
-91,-70,3
-91,-71,3
-91,-72,3
-91,-73,3
-91,-74,3
-91,-75,3
-91,-76,3
-91,-77,3
-91,-78,3
-91,-79,3
-91,-80,3
-91,-81,3
-91,-82,3
-91,-83,3
-91,-84,3
-91,85,12
-91,86,12
-91,87,12
-91,88,12
-91,89,12
-91,90,12
-91,92,12
-91,93,12
-86,-13,0
-86,-14,0
-86,-15,0
-86,-16,0
-86,-17,0
-86,-18,0
-86,-19,0
-86,-20,0
-86,-21,0
-86,-22,0
-86,-23,0
-86,-24,0
-86,-25,0
-86,-26,0
-86,-27,0
-86,-28,0
-86,-29,0
-86,-30,0
-86,-31,0
-86,-32,0
-86,-33,0
-86,-34,0
-86,-35,0
-86,-36,0
-86,-37,0
-86,-38,0
-86,-39,0
-86,-40,0
-86,-41,0
-86,-42,0
-86,-43,0
-86,-44,0
-86,-45,0
-86,-46,0
-86,-47,0
-86,-48,0
-86,-49,0
-86,-50,0
-86,-51,0
-86,-52,0
-86,-53,0
-86,-54,0
-86,-55,0
-86,-56,0
-86,-57,0
-86,-58,0
-86,-59,0
-86,-60,0
-86,-61,0
-86,-62,0
-86,-63,0
-86,-64,0
-86,-65,0
-86,-66,0
-86,-67,3
-86,-68,3
-86,-69,3
-86,-70,3
-86,-71,3
-86,-72,3
-86,-73,3
-86,-74,3
-86,-75,3
-86,-76,3
-86,-77,3
-86,-78,3
-86,-79,3
-86,-80,3
-86,-81,3
-86,-82,3
-86,-83,3
-86,-84,3
-86,85,12
-86,87,12
-86,88,12
-86,89,12
-86,90,12
-86,91,12
-86,92,12
-86,93,12
-89,-13,0
-89,-14,0
-89,-15,0
-89,-16,0
-89,-17,0
-89,-18,0
-89,-19,0
-89,-20,0
-89,-21,0
-89,-22,0
-89,-23,0
-89,-24,0
-89,-25,0
-89,-26,0
-89,-27,0
-89,-28,0
-89,-29,0
-89,-30,0
-89,-31,0
-89,-32,0
-89,-33,0
-89,-34,0
-89,-35,0
-89,-36,0
-89,-37,0
-89,-38,0
-89,-39,0
-89,-40,0
-89,-41,0
-89,-42,0
-89,-43,0
-89,-44,0
-89,-45,0
-89,-46,0
-89,-47,0
-89,-48,0
-89,-49,0
-89,-50,0
-89,-51,0
-89,-52,0
-89,-53,0
-89,-54,0
-89,-55,0
-89,-56,0
-89,-57,0
-89,-58,0
-89,-59,0
-89,-60,0
-89,-61,0
-89,-62,0
-89,-63,0
-89,-64,0
-89,-65,0
-89,-66,0
-89,-67,3
-89,-68,3
-89,-69,3
-89,-70,3
-89,-71,3
-89,-72,3
-89,-73,3
-89,-74,3
-89,-75,3
-89,-76,3
-89,-77,3
-89,-78,3
-89,-79,3
-89,-80,3
-89,-81,3
-89,-82,3
-89,-83,3
-89,-84,3
-89,85,12
-89,86,12
-89,87,12
-89,88,12
-89,90,12
-89,91,12
-89,92,12
-89,93,12
-92,-13,0
-92,-14,0
-92,-15,0
-92,-16,0
-92,-17,0
-92,-18,0
-92,-19,0
-92,-20,0
-92,-21,0
-92,-22,0
-92,-23,0
-92,-24,0
-92,-25,0
-92,-26,0
-92,-27,0
-92,-28,0
-92,-29,0
-92,-30,0
-92,-31,0
-92,-32,0
-92,-33,0
-92,-34,0
-92,-35,0
-92,-36,0
-92,-37,0
-92,-38,0
-92,-39,0
-92,-40,0
-92,-41,0
-92,-42,0
-92,-43,0
-92,-44,0
-92,-45,0
-92,-46,0
-92,-47,0
-92,-48,0
-92,-49,0
-92,-50,0
-92,-51,0
-92,-52,0
-92,-53,0
-92,-54,0
-92,-55,0
-92,-56,0
-92,-57,0
-92,-58,0
-92,-59,0
-92,-60,0
-92,-61,0
-92,-62,0
-92,-63,0
-92,-64,0
-92,-65,0
-92,-66,0
-92,-67,3
-92,-68,3
-92,-69,3
-92,-70,3
-92,-71,3
-92,-72,3
-92,-73,3
-92,-74,3
-92,-75,3
-92,-76,3
-92,-77,3
-92,-78,3
-92,-79,3
-92,-80,3
-92,-81,3
-92,-82,3
-92,-83,3
-92,-84,3
-92,85,12
-92,86,12
-92,87,12
-92,88,12
-92,89,12
-92,90,12
-92,91,12
-92,93,12
-87,-13,0
-87,-14,0
-87,-15,0
-87,-16,0
-87,-17,0
-87,-18,0
-87,-19,0
-87,-20,0
-87,-21,0
-87,-22,0
-87,-23,0
-87,-24,0
-87,-25,0
-87,-26,0
-87,-27,0
-87,-28,0
-87,-29,0
-87,-30,0
-87,-31,0
-87,-32,0
-87,-33,0
-87,-34,0
-87,-35,0
-87,-36,0
-87,-37,0
-87,-38,0
-87,-39,0
-87,-40,0
-87,-41,0
-87,-42,0
-87,-43,0
-87,-44,0
-87,-45,0
-87,-46,0
-87,-47,0
-87,-48,0
-87,-49,0
-87,-50,0
-87,-51,0
-87,-52,0
-87,-53,0
-87,-54,0
-87,-55,0
-87,-56,0
-87,-57,0
-87,-58,0
-87,-59,0
-87,-60,0
-87,-61,0
-87,-62,0
-87,-63,0
-87,-64,0
-87,-65,0
-87,-66,0
-87,-67,3
-87,-68,3
-87,-69,3
-87,-70,3
-87,-71,3
-87,-72,3
-87,-73,3
-87,-74,3
-87,-75,3
-87,-76,3
-87,-77,3
-87,-78,3
-87,-79,3
-87,-80,3
-87,-81,3
-87,-82,3
-87,-83,3
-87,-84,3
-87,85,12
-87,86,12
-87,88,12
-87,89,12
-87,90,12
-87,91,12
-87,92,12
-87,93,12
-90,-13,0
-90,-14,0
-90,-15,0
-90,-16,0
-90,-17,0
-90,-18,0
-90,-19,0
-90,-20,0
-90,-21,0
-90,-22,0
-90,-23,0
-90,-24,0
-90,-25,0
-90,-26,0
-90,-27,0
-90,-28,0
-90,-29,0
-90,-30,0
-90,-31,0
-90,-32,0
-90,-33,0
-90,-34,0
-90,-35,0
-90,-36,0
-90,-37,0
-90,-38,0
-90,-39,0
-90,-40,0
-90,-41,0
-90,-42,0
-90,-43,0
-90,-44,0
-90,-45,0
-90,-46,0
-90,-47,0
-90,-48,0
-90,-49,0
-90,-50,0
-90,-51,0
-90,-52,0
-90,-53,0
-90,-54,0
-90,-55,0
-90,-56,0
-90,-57,0
-90,-58,0
-90,-59,0
-90,-60,0
-90,-61,0
-90,-62,0
-90,-63,0
-90,-64,0
-90,-65,0
-90,-66,0
-90,-67,3
-90,-68,3
-90,-69,3
-90,-70,3
-90,-71,3
-90,-72,3
-90,-73,3
-90,-74,3
-90,-75,3
-90,-76,3
-90,-77,3
-90,-78,3
-90,-79,3
-90,-80,3
-90,-81,3
-90,-82,3
-90,-83,3
-90,-84,3
-90,85,12
-90,86,12
-90,87,12
-90,88,12
-90,89,12
-90,91,12
-90,92,12
-90,93,12
-93,-13,0
-93,-14,0
-93,-15,0
-93,-16,0
-93,-17,0
-93,-18,0
-93,-19,0
-93,-20,0
-93,-21,0
-93,-22,0
-93,-23,0
-93,-24,0
-93,-25,0
-93,-26,0
-93,-27,0
-93,-28,0
-93,-29,0
-93,-30,0
-93,-31,0
-93,-32,0
-93,-33,0
-93,-34,0
-93,-35,0
-93,-36,0
-93,-37,0
-93,-38,0
-93,-39,0
-93,-40,0
-93,-41,0
-93,-42,0
-93,-43,0
-93,-44,0
-93,-45,0
-93,-46,0
-93,-47,0
-93,-48,0
-93,-49,0
-93,-50,0
-93,-51,0
-93,-52,0
-93,-53,0
-93,-54,0
-93,-55,0
-93,-56,0
-93,-57,0
-93,-58,0
-93,-59,0
-93,-60,0
-93,-61,0
-93,-62,0
-93,-63,0
-93,-64,0
-93,-65,0
-93,-66,0
-93,-67,3
-93,-68,3
-93,-69,3
-93,-70,3
-93,-71,3
-93,-72,3
-93,-73,3
-93,-74,3
-93,-75,3
-93,-76,3
-93,-77,3
-93,-78,3
-93,-79,3
-93,-80,3
-93,-81,3
-93,-82,3
-93,-83,3
-93,-84,3
-93,85,12
-93,86,12
-93,87,12
-93,88,12
-93,89,12
-93,90,12
-93,91,12
-93,92,12
